sensor_ID,power,signal_strength,malfunction
1,4.43,-75,0
2,4.18,-65,0
3,4.44,-70,0
4,3.68,-70,0
5,3.98,-65,0
6,2.03,-60,1
7,4.62,-79,0
8,3.76,-63,0
9,3.8,-51,0
10,3.6,-75,0
11,3.91,-57,0
12,4.9,-67,0
13,3.82,-72,0
14,4.21,-98,1
15,4.63,-73,0
16,4.73,-57,0
17,4.68,-59,0
18,4.89,-67,0
19,3.05,-55,0
20,3.96,-54,0
21,3.57,-71,0
22,0.46,-66,1
23,3.67,-75,0
24,3.15,-56,0
25,4.49,-75,0
26,4.94,-80,0
27,4.64,-53,0
28,3.24,-79,0
29,3.46,-53,0
30,4.42,-66,0
31,3.85,-66,0
32,3.0,-57,0
33,1.42,-57,1
34,3.09,-76,0
35,4.75,-60,0
36,4.45,-66,0
37,3.88,-63,0
38,3.44,-64,0
39,4.08,-73,0
40,3.36,-80,0
41,3.94,-62,0
42,4.71,-65,0
43,4.13,-67,0
44,4.43,-64,0
45,3.79,-74,0
46,3.1,-59,0
47,4.07,-72,0
48,4.58,-64,0
49,3.57,-97,1
50,4.33,-66,0
51,4.58,-56,0
52,3.09,-79,0
53,4.3,-67,0
54,3.73,-52,0
55,4.73,-73,0
56,4.78,-80,0
57,3.8,-69,0
58,4.43,-66,0
59,4.96,-80,0
60,4.0,-54,0
61,4.01,-77,0
62,4.45,-78,0
63,4.84,-78,0
64,3.2,-58,0
65,4.44,-58,0
66,3.21,-52,0
67,3.39,-51,0
68,4.65,-54,0
69,4.44,-56,0
70,4.34,-51,0
71,4.61,-80,0
72,4.75,-57,0
73,3.26,-53,0
74,4.93,-72,0
75,4.06,-53,0
76,3.22,-80,0
77,4.3,-70,0
78,3.63,-50,0
79,3.97,-74,0
80,3.36,-73,0
81,3.13,-55,0
82,4.88,-74,0
83,3.81,-50,0
84,4.79,-80,0
85,4.35,-64,0
86,4.3,-72,0
87,4.82,-55,0
88,3.78,-63,0
89,4.43,-74,0
90,3.37,-64,0
91,3.38,-60,0
92,4.66,-90,1
93,4.07,-78,0
94,4.53,-78,0
95,4.6,-71,0
96,4.67,-67,0
97,1.66,-58,1
98,4.85,-62,0
99,4.27,-73,0
100,3.54,-55,0
101,4.37,-76,0
102,3.5,-68,0
103,3.04,-75,0
104,4.86,-73,0
105,4.02,-64,0
106,4.65,-77,0
107,3.93,-59,0
108,4.31,-69,0
109,4.99,-68,0
110,4.81,-71,0
111,3.82,-64,0
112,4.22,-54,0
113,3.77,-56,0
114,3.3,-60,0
115,3.05,-79,0
116,4.29,-64,0
117,3.93,-57,0
118,3.43,-74,0
119,4.89,-73,0
120,3.14,-63,0
121,3.06,-73,0
122,4.88,-67,0
123,4.11,-57,0
124,3.35,-78,0
125,3.36,-61,0
126,4.93,-60,0
127,4.06,-72,0
128,4.3,-79,0
129,4.49,-79,0
130,3.4,-61,0
131,3.03,-74,0
132,3.06,-67,0
133,3.22,-57,0
134,4.17,-56,0
135,4.41,-74,0
136,3.92,-52,0
137,3.11,-57,0
138,4.27,-52,0
139,4.78,-61,0
140,4.91,-67,0
141,3.46,-55,0
142,2.72,-77,1
143,4.68,-92,1
144,3.91,-51,0
145,2.15,-69,1
146,3.98,-50,0
147,4.82,-51,0
148,4.96,-99,1
149,3.62,-93,1
150,4.1,-78,0
151,3.21,-71,0
152,4.88,-67,0
153,3.74,-58,0
154,4.01,-78,0
155,3.06,-75,0
156,3.62,-68,0
157,4.45,-59,0
158,4.88,-73,0
159,4.09,-99,1
160,4.63,-97,1
161,4.5,-79,0
162,4.86,-78,0
163,3.26,-70,0
164,3.24,-67,0
165,3.46,-73,0
166,4.07,-67,0
167,3.69,-53,0
168,4.2,-56,0
169,3.13,-57,0
170,4.04,-50,0
171,4.12,-66,0
172,4.92,-70,0
173,4.6,-54,0
174,3.43,-66,0
175,4.55,-58,0
176,4.56,-80,0
177,4.79,-61,0
178,2.37,-60,1
179,4.12,-68,0
180,3.7,-73,0
181,4.2,-67,0
182,3.71,-53,0
183,3.48,-80,0
184,4.44,-68,0
185,4.84,-76,0
186,4.81,-71,0
187,3.4,-63,0
188,2.02,-51,1
189,4.93,-55,0
190,3.18,-72,0
191,3.68,-52,0
192,4.65,-71,0
193,3.66,-68,0
194,3.8,-58,0
195,3.25,-79,0
196,4.92,-74,0
197,4.11,-50,0
198,4.29,-68,0
199,4.03,-56,0
200,4.04,-57,0
201,4.94,-56,0
202,3.26,-77,0
203,3.22,-57,0
204,3.53,-70,0
205,0.09,-53,1
206,3.13,-68,0
207,4.06,-52,0
208,4.75,-74,0
209,3.82,-66,0
210,3.68,-56,0
211,4.5,-50,0
212,4.4,-79,0
213,3.12,-69,0
214,4.75,-61,0
215,3.45,-57,0
216,3.28,-80,0
217,3.98,-52,0
218,4.45,-54,0
219,3.46,-61,0
220,4.16,-71,0
221,3.71,-65,0
222,4.83,-58,0
223,3.38,-75,0
224,3.76,-75,0
225,4.45,-69,0
226,3.48,-65,0
227,4.31,-73,0
228,4.86,-78,0
229,3.94,-78,0
230,4.77,-54,0
231,1.7,-69,1
232,4.04,-56,0
233,3.19,-73,0
234,3.78,-70,0
235,3.6,-60,0
236,4.32,-69,0
237,3.78,-52,0
238,4.48,-70,0
239,4.86,-73,0
240,5.0,-67,0
241,3.48,-71,0
242,3.56,-69,0
243,4.33,-55,0
244,3.41,-80,0
245,4.35,-63,0
246,4.02,-77,0
247,3.57,-50,0
248,3.55,-64,0
249,3.35,-78,0
250,3.74,-57,0
251,4.04,-73,0
252,4.21,-78,0
253,3.49,-94,1
254,3.24,-61,0
255,3.11,-53,0
256,3.53,-62,0
257,3.03,-76,0
258,4.96,-54,0
259,4.73,-51,0
260,3.33,-59,0
261,3.04,-68,0
262,3.76,-79,0
263,3.13,-56,0
264,4.98,-50,0
265,4.08,-63,0
266,3.88,-57,0
267,3.5,-71,0
268,4.99,-58,0
269,3.12,-72,0
270,4.7,-58,0
271,3.61,-51,0
272,4.28,-55,0
273,3.51,-74,0
274,4.57,-63,0
275,4.24,-67,0
276,3.92,-74,0
277,3.76,-63,0
278,2.59,-53,1
279,4.69,-80,0
280,3.4,-56,0
281,4.41,-71,0
282,4.49,-94,1
283,4.82,-71,0
284,3.98,-53,0
285,3.94,-57,0
286,3.41,-54,0
287,3.83,-62,0
288,3.76,-73,0
289,3.94,-69,0
290,3.72,-59,0
291,3.71,-68,0
292,3.53,-78,0
293,4.95,-76,0
294,3.23,-71,0
295,4.14,-95,1
296,3.11,-75,0
297,3.38,-58,0
298,4.47,-91,1
299,4.43,-78,0
300,3.93,-65,0
301,3.2,-79,0
302,3.87,-64,0
303,4.5,-65,0
304,3.44,-73,0
305,4.52,-75,0
306,3.9,-78,0
307,3.93,-66,0
308,4.64,-64,0
309,3.79,-52,0
310,1.05,-66,1
311,3.36,-53,0
312,4.59,-61,0
313,3.14,-63,0
314,3.15,-50,0
315,4.46,-57,0
316,3.66,-76,0
317,3.31,-68,0
318,4.51,-76,0
319,3.94,-68,0
320,4.92,-95,1
321,3.59,-52,0
322,4.82,-75,0
323,3.56,-99,1
324,3.11,-74,0
325,4.15,-52,0
326,4.97,-77,0
327,0.5,-64,1
328,4.27,-78,0
329,4.12,-59,0
330,3.06,-68,0
331,4.87,-54,0
332,4.69,-57,0
333,3.16,-58,0
334,3.2,-68,0
335,3.67,-50,0
336,4.1,-60,0
337,3.69,-66,0
338,4.52,-60,0
339,4.23,-73,0
340,3.86,-61,0
341,4.46,-70,0
342,3.72,-60,0
343,4.95,-58,0
344,4.94,-59,0
345,3.73,-59,0
346,4.64,-58,0
347,4.04,-67,0
348,4.94,-51,0
349,4.44,-79,0
350,3.81,-59,0
351,4.61,-58,0
352,4.38,-68,0
353,3.32,-73,0
354,4.39,-58,0
355,4.42,-61,0
356,3.33,-52,0
357,3.35,-72,0
358,4.38,-91,1
359,4.23,-77,0
360,4.84,-79,0
361,4.63,-53,0
362,3.45,-67,0
363,3.8,-63,0
364,4.62,-76,0
365,4.42,-50,0
366,3.3,-51,0
367,3.57,-70,0
368,4.72,-74,0
369,3.98,-98,1
370,4.02,-60,0
371,4.97,-50,0
372,3.82,-68,0
373,3.27,-64,0
374,3.18,-78,0
375,4.06,-75,0
376,2.02,-68,1
377,4.68,-55,0
378,3.01,-56,0
379,4.58,-76,0
380,0.14,-61,1
381,4.78,-75,0
382,4.52,-50,0
383,0.47,-61,1
384,4.33,-68,0
385,3.8,-64,0
386,2.26,-59,1
387,3.03,-54,0
388,4.25,-53,0
389,4.81,-69,0
390,3.52,-75,0
391,3.88,-95,1
392,4.18,-80,0
393,2.05,-71,1
394,4.97,-52,0
395,3.51,-52,0
396,4.04,-54,0
397,4.54,-61,0
398,3.85,-75,0
399,3.07,-67,0
400,4.26,-93,1
401,3.53,-62,0
402,4.86,-58,0
403,4.08,-90,1
404,4.95,-67,0
405,5.0,-56,0
406,3.64,-55,0
407,3.64,-69,0
408,3.29,-73,0
409,3.77,-68,0
410,3.46,-63,0
411,4.57,-52,0
412,3.35,-72,0
413,3.66,-67,0
414,3.29,-61,0
415,3.21,-54,0
416,4.94,-71,0
417,4.84,-63,0
418,4.46,-67,0
419,4.06,-56,0
420,3.01,-59,0
421,3.5,-58,0
422,3.36,-50,0
423,3.64,-76,0
424,3.32,-70,0
425,3.27,-52,0
426,4.72,-59,0
427,3.09,-71,0
428,4.76,-79,0
429,4.01,-95,1
430,3.16,-70,0
431,3.71,-59,0
432,3.51,-74,0
433,3.82,-64,0
434,3.35,-62,0
435,4.54,-61,0
436,4.98,-70,0
437,4.52,-68,0
438,4.57,-58,0
439,4.25,-65,0
440,4.7,-79,0
441,3.03,-62,0
442,4.11,-63,0
443,4.37,-61,0
444,4.03,-56,0
445,4.69,-79,0
446,3.88,-79,0
447,3.94,-58,0
448,3.18,-73,0
449,3.8,-56,0
450,4.63,-64,0
451,2.37,-70,1
452,4.69,-93,1
453,3.1,-58,0
454,4.19,-75,0
455,3.68,-73,0
456,3.49,-54,0
457,3.9,-69,0
458,2.84,-80,1
459,3.22,-69,0
460,1.35,-58,1
461,3.38,-52,0
462,4.96,-60,0
463,3.33,-77,0
464,3.16,-53,0
465,4.95,-94,1
466,4.96,-73,0
467,3.61,-66,0
468,4.53,-57,0
469,3.22,-59,0
470,3.82,-60,0
471,4.49,-73,0
472,4.34,-80,0
473,3.38,-70,0
474,3.52,-69,0
475,4.6,-70,0
476,3.09,-74,0
477,3.82,-77,0
478,3.08,-66,0
479,3.52,-54,0
480,3.02,-64,0
481,3.55,-80,0
482,3.77,-61,0
483,3.87,-70,0
484,4.42,-55,0
485,3.86,-54,0
486,3.86,-71,0
487,4.1,-53,0
488,4.42,-79,0
489,3.57,-60,0
490,4.94,-67,0
491,3.92,-66,0
492,3.88,-69,0
493,3.81,-63,0
494,3.22,-58,0
495,4.28,-73,0
496,4.84,-67,0
497,4.36,-72,0
498,4.44,-72,0
499,4.94,-80,0
500,4.85,-68,0
501,4.93,-53,0
502,3.27,-75,0
503,3.15,-53,0
504,4.41,-63,0
505,3.42,-54,0
506,3.52,-66,0
507,4.51,-75,0
508,2.99,-56,1
509,1.26,-60,1
510,4.75,-59,0
511,2.44,-74,1
512,4.52,-73,0
513,2.07,-53,1
514,4.5,-70,0
515,3.04,-78,0
516,3.69,-77,0
517,3.16,-62,0
518,3.25,-56,0
519,3.98,-52,0
520,4.75,-54,0
521,3.23,-66,0
522,4.05,-61,0
523,4.59,-100,1
524,2.51,-65,1
525,4.61,-52,0
526,3.98,-67,0
527,4.17,-70,0
528,3.69,-80,0
529,4.22,-52,0
530,4.44,-78,0
531,3.25,-59,0
532,3.61,-55,0
533,3.75,-65,0
534,3.71,-78,0
535,3.1,-61,0
536,4.36,-62,0
537,3.04,-55,0
538,3.13,-73,0
539,4.01,-65,0
540,3.41,-61,0
541,4.7,-62,0
542,3.6,-69,0
543,4.74,-64,0
544,0.58,-78,1
545,4.86,-64,0
546,4.56,-79,0
547,3.98,-75,0
548,4.9,-66,0
549,3.5,-60,0
550,3.08,-79,0
551,3.68,-51,0
552,4.62,-64,0
553,3.24,-80,0
554,3.58,-74,0
555,2.89,-62,1
556,4.6,-70,0
557,4.2,-67,0
558,3.48,-72,0
559,4.75,-62,0
560,4.51,-68,0
561,4.74,-55,0
562,4.73,-53,0
563,4.41,-99,1
564,4.65,-62,0
565,4.97,-72,0
566,4.75,-59,0
567,2.87,-56,1
568,3.37,-73,0
569,3.94,-80,0
570,4.57,-78,0
571,4.37,-77,0
572,4.45,-63,0
573,3.9,-56,0
574,4.57,-78,0
575,3.92,-53,0
576,3.51,-74,0
577,4.93,-70,0
578,3.24,-100,1
579,4.98,-64,0
580,4.15,-59,0
581,4.96,-60,0
582,4.67,-97,1
583,3.93,-52,0
584,4.77,-62,0
585,3.06,-58,0
586,3.79,-63,0
587,4.47,-74,0
588,3.23,-58,0
589,4.14,-77,0
590,4.17,-50,0
591,4.23,-51,0
592,3.37,-63,0
593,2.68,-72,1
594,4.36,-78,0
595,4.86,-67,0
596,3.57,-56,0
597,3.87,-67,0
598,4.86,-70,0
599,4.09,-74,0
600,3.28,-52,0
601,3.49,-71,0
602,3.01,-76,0
603,4.04,-57,0
604,4.75,-60,0
605,4.59,-77,0
606,4.32,-72,0
607,3.91,-69,0
608,4.98,-69,0
609,3.25,-61,0
610,1.09,-63,1
611,4.75,-57,0
612,3.18,-74,0
613,4.71,-67,0
614,3.91,-58,0
615,3.08,-56,0
616,4.02,-68,0
617,4.88,-53,0
618,4.35,-58,0
619,4.19,-57,0
620,3.18,-62,0
621,4.87,-73,0
622,4.9,-72,0
623,3.44,-55,0
624,3.99,-58,0
625,4.47,-59,0
626,3.95,-72,0
627,4.36,-66,0
628,3.11,-55,0
629,3.58,-75,0
630,4.98,-59,0
631,3.2,-68,0
632,3.82,-61,0
633,4.57,-57,0
634,4.24,-57,0
635,4.19,-70,0
636,4.66,-66,0
637,3.91,-75,0
638,3.06,-66,0
639,4.53,-71,0
640,3.15,-76,0
641,3.82,-61,0
642,4.69,-63,0
643,4.89,-51,0
644,4.98,-70,0
645,3.78,-58,0
646,4.98,-52,0
647,4.08,-71,0
648,4.0,-73,0
649,4.04,-57,0
650,3.55,-55,0
651,4.18,-69,0
652,3.07,-74,0
653,3.66,-59,0
654,3.33,-68,0
655,3.96,-78,0
656,3.93,-61,0
657,4.41,-67,0
658,4.75,-72,0
659,3.02,-73,0
660,4.92,-77,0
661,3.08,-62,0
662,4.59,-79,0
663,3.7,-80,0
664,4.68,-80,0
665,4.32,-73,0
666,4.73,-80,0
667,4.69,-71,0
668,4.01,-67,0
669,4.66,-100,1
670,3.78,-63,0
671,3.72,-80,0
672,3.21,-58,0
673,4.63,-55,0
674,2.38,-61,1
675,3.69,-74,0
676,3.4,-79,0
677,3.0,-79,0
678,0.84,-63,1
679,3.38,-52,0
680,4.29,-59,0
681,0.77,-69,1
682,3.81,-73,0
683,3.97,-74,0
684,3.47,-76,0
685,4.7,-71,0
686,2.6,-64,1
687,3.32,-59,0
688,0.78,-51,1
689,3.61,-50,0
690,3.78,-65,0
691,3.4,-98,1
692,3.43,-60,0
693,4.22,-71,0
694,4.69,-54,0
695,3.85,-65,0
696,4.6,-50,0
697,3.12,-67,0
698,4.67,-50,0
699,3.58,-51,0
700,4.35,-71,0
701,4.81,-80,0
702,3.89,-68,0
703,2.81,-66,1
704,3.87,-64,0
705,4.85,-77,0
706,4.08,-60,0
707,4.33,-58,0
708,3.07,-51,0
709,3.3,-65,0
710,3.87,-54,0
711,4.67,-66,0
712,4.17,-58,0
713,3.68,-67,0
714,4.26,-54,0
715,4.91,-53,0
716,4.61,-54,0
717,3.22,-72,0
718,3.35,-73,0
719,4.18,-60,0
720,3.71,-51,0
721,3.41,-53,0
722,3.66,-75,0
723,3.54,-51,0
724,4.73,-52,0
725,3.33,-52,0
726,4.16,-57,0
727,4.3,-61,0
728,2.85,-63,1
729,4.31,-77,0
730,4.46,-63,0
731,4.34,-80,0
732,0.27,-57,1
733,3.95,-64,0
734,4.02,-70,0
735,4.0,-58,0
736,4.9,-76,0
737,4.39,-66,0
738,4.21,-78,0
739,3.79,-62,0
740,3.83,-51,0
741,3.72,-80,0
742,4.8,-50,0
743,4.97,-75,0
744,4.68,-50,0
745,3.66,-64,0
746,3.54,-51,0
747,3.03,-59,0
748,0.75,-90,1
749,3.11,-60,0
750,4.43,-71,0
751,4.04,-71,0
752,4.38,-69,0
753,3.76,-51,0
754,4.0,-73,0
755,4.28,-70,0
756,3.09,-51,0
757,4.08,-71,0
758,4.96,-66,0
759,4.58,-74,0
760,3.6,-55,0
761,4.18,-55,0
762,3.85,-51,0
763,3.96,-71,0
764,3.65,-91,1
765,4.0,-61,0
766,4.74,-68,0
767,3.36,-56,0
768,3.03,-65,0
769,4.35,-79,0
770,3.76,-72,0
771,4.54,-67,0
772,3.85,-70,0
773,4.11,-77,0
774,3.94,-59,0
775,4.41,-56,0
776,4.32,-71,0
777,4.26,-67,0
778,4.04,-74,0
779,4.22,-70,0
780,3.08,-58,0
781,4.31,-68,0
782,3.07,-61,0
783,3.13,-71,0
784,3.05,-50,0
785,3.72,-68,0
786,4.37,-92,1
787,4.78,-55,0
788,3.9,-62,0
789,3.98,-61,0
790,3.76,-63,0
791,3.0,-75,0
792,3.32,-63,0
793,4.15,-75,0
794,3.94,-58,0
795,3.84,-71,0
796,3.17,-71,0
797,3.64,-66,0
798,4.39,-66,0
799,3.82,-68,0
800,3.07,-54,0
801,4.74,-80,0
802,4.96,-50,0
803,4.16,-74,0
804,3.57,-80,0
805,1.43,-77,1
806,3.21,-71,0
807,4.53,-70,0
808,4.35,-79,0
809,4.75,-56,0
810,3.41,-70,0
811,4.78,-73,0
812,3.15,-53,0
813,4.83,-65,0
814,4.21,-67,0
815,3.58,-64,0
816,3.94,-76,0
817,4.48,-53,0
818,4.63,-55,0
819,4.94,-62,0
820,3.0,-63,0
821,2.12,-57,1
822,3.7,-79,0
823,4.53,-80,0
824,3.92,-75,0
825,3.06,-74,0
826,3.55,-56,0
827,3.8,-77,0
828,3.99,-54,0
829,4.72,-70,0
830,4.86,-76,0
831,4.47,-55,0
832,4.74,-66,0
833,2.48,-64,1
834,3.13,-70,0
835,3.21,-59,0
836,3.53,-56,0
837,4.66,-58,0
838,3.97,-72,0
839,2.1,-76,1
840,4.43,-63,0
841,4.57,-67,0
842,4.03,-54,0
843,3.16,-65,0
844,4.16,-67,0
845,3.4,-79,0
846,3.04,-74,0
847,4.54,-72,0
848,3.05,-61,0
849,4.39,-74,0
850,3.71,-52,0
851,4.57,-51,0
852,3.49,-73,0
853,3.82,-75,0
854,3.06,-66,0
855,3.08,-77,0
856,4.94,-97,1
857,3.53,-62,0
858,4.21,-59,0
859,3.79,-71,0
860,3.61,-62,0
861,4.7,-64,0
862,4.98,-59,0
863,3.96,-66,0
864,3.0,-68,0
865,3.94,-67,0
866,3.6,-52,0
867,4.26,-58,0
868,4.16,-80,0
869,3.59,-79,0
870,3.35,-65,0
871,3.62,-50,0
872,4.18,-61,0
873,3.71,-54,0
874,4.62,-78,0
875,4.17,-62,0
876,4.99,-76,0
877,3.19,-72,0
878,3.03,-57,0
879,4.54,-55,0
880,4.5,-62,0
881,4.37,-57,0
882,3.91,-53,0
883,4.0,-78,0
884,2.83,-64,1
885,3.71,-52,0
886,4.79,-92,1
887,3.17,-76,0
888,3.34,-69,0
889,3.87,-70,0
890,3.55,-68,0
891,4.08,-77,0
892,3.61,-59,0
893,4.82,-64,0
894,4.0,-57,0
895,5.0,-61,0
896,4.32,-61,0
897,4.35,-50,0
898,4.5,-74,0
899,3.17,-80,0
900,3.48,-70,0
901,0.79,-72,1
902,4.43,-52,0
903,4.56,-91,1
904,3.76,-67,0
905,5.0,-78,0
906,3.16,-74,0
907,3.71,-63,0
908,4.78,-90,1
909,3.44,-80,0
910,3.41,-65,0
911,3.19,-80,0
912,4.67,-98,1
913,3.22,-74,0
914,3.71,-77,0
915,4.08,-63,0
916,3.84,-54,0
917,3.3,-58,0
918,3.63,-58,0
919,4.97,-95,1
920,4.31,-52,0
921,3.51,-59,0
922,4.38,-57,0
923,4.03,-64,0
924,4.44,-72,0
925,4.19,-59,0
926,3.75,-92,1
927,4.16,-79,0
928,1.09,-66,1
929,3.84,-74,0
930,3.1,-54,0
931,2.39,-79,1
932,3.3,-94,1
933,4.67,-57,0
934,3.03,-51,0
935,3.43,-60,0
936,3.21,-69,0
937,2.51,-71,1
938,4.41,-65,0
939,3.41,-52,0
940,3.65,-51,0
941,0.57,-77,1
942,3.89,-50,0
943,3.22,-73,0
944,4.06,-60,0
945,4.69,-74,0
946,4.5,-98,1
947,4.7,-90,1
948,3.18,-68,0
949,4.69,-70,0
950,4.96,-54,0
951,4.09,-75,0
952,4.4,-69,0
953,4.29,-79,0
954,3.23,-74,0
955,4.8,-66,0
956,2.14,-51,1
957,3.6,-64,0
958,3.95,-62,0
959,4.28,-73,0
960,4.95,-62,0
961,3.52,-70,0
962,3.82,-59,0
963,3.42,-51,0
964,3.56,-77,0
965,3.91,-74,0
966,3.43,-91,1
967,3.61,-52,0
968,4.37,-74,0
969,4.98,-75,0
970,4.46,-74,0
971,4.77,-62,0
972,4.59,-58,0
973,4.72,-68,0
974,4.88,-74,0
975,3.77,-52,0
976,3.58,-54,0
977,3.49,-99,1
978,3.92,-67,0
979,3.41,-76,0
980,4.98,-60,0
981,4.91,-59,0
982,4.24,-67,0
983,3.55,-74,0
984,4.8,-76,0
985,4.16,-77,0
986,4.24,-78,0
987,3.73,-64,0
988,3.48,-68,0
989,3.54,-62,0
990,1.1,-76,1
991,3.37,-54,0
992,4.41,-79,0
993,3.36,-79,0
994,3.27,-64,0
995,4.5,-51,0
996,4.38,-52,0
997,4.66,-58,0
998,3.15,-75,0
999,3.53,-66,0
1000,4.69,-57,0
1001,4.83,-65,0
1002,4.37,-69,0
1003,3.42,-64,0
1004,4.65,-70,0
1005,4.26,-76,0
1006,4.6,-56,0
1007,3.49,-62,0
1008,4.45,-97,1
1009,4.95,-60,0
1010,4.56,-100,1
1011,3.24,-65,0
1012,4.99,-76,0
1013,4.62,-71,0
1014,3.11,-65,0
1015,3.32,-59,0
1016,4.4,-68,0
1017,3.28,-58,0
1018,4.57,-73,0
1019,4.18,-66,0
1020,4.9,-75,0
1021,3.8,-56,0
1022,3.26,-78,0
1023,4.74,-56,0
1024,4.19,-57,0
1025,2.65,-76,1
1026,4.32,-92,1
1027,4.26,-93,1
1028,4.55,-98,1
1029,4.21,-70,0
1030,4.75,-80,0
1031,3.79,-77,0
1032,3.93,-75,0
1033,4.88,-65,0
1034,2.29,-90,1
1035,3.81,-80,0
1036,4.09,-57,0
1037,3.86,-57,0
1038,4.9,-66,0
1039,3.08,-69,0
1040,3.19,-64,0
1041,3.32,-66,0
1042,3.16,-65,0
1043,3.79,-64,0
1044,3.25,-69,0
1045,3.76,-71,0
1046,3.07,-68,0
1047,3.26,-76,0
1048,4.43,-53,0
1049,4.58,-99,1
1050,4.01,-51,0
1051,3.66,-63,0
1052,4.9,-76,0
1053,4.96,-58,0
1054,3.02,-57,0
1055,4.12,-72,0
1056,4.84,-60,0
1057,1.19,-55,1
1058,4.27,-64,0
1059,3.35,-60,0
1060,4.12,-66,0
1061,3.3,-74,0
1062,3.72,-60,0
1063,4.65,-67,0
1064,3.71,-62,0
1065,3.77,-77,0
1066,3.45,-61,0
1067,3.72,-79,0
1068,3.68,-77,0
1069,4.95,-73,0
1070,4.04,-74,0
1071,0.53,-74,1
1072,4.5,-75,0
1073,4.37,-52,0
1074,4.23,-66,0
1075,3.32,-60,0
1076,3.03,-79,0
1077,4.95,-50,0
1078,4.73,-62,0
1079,4.82,-62,0
1080,3.41,-77,0
1081,4.65,-55,0
1082,3.39,-73,0
1083,4.73,-77,0
1084,3.37,-68,0
1085,4.38,-78,0
1086,1.86,-58,1
1087,3.07,-68,0
1088,3.74,-52,0
1089,4.84,-52,0
1090,4.6,-50,0
1091,4.37,-57,0
1092,4.66,-54,0
1093,4.78,-55,0
1094,4.15,-77,0
1095,3.77,-90,1
1096,4.87,-55,0
1097,4.61,-57,0
1098,4.95,-76,0
1099,4.82,-56,0
1100,3.05,-51,0
1101,4.19,-58,0
1102,3.22,-76,0
1103,3.07,-56,0
1104,3.99,-59,0
1105,3.37,-78,0
1106,3.67,-54,0
1107,4.84,-53,0
1108,3.8,-57,0
1109,4.44,-63,0
1110,3.51,-67,0
1111,3.33,-64,0
1112,3.91,-58,0
1113,4.23,-68,0
1114,3.97,-66,0
1115,3.37,-91,1
1116,3.96,-61,0
1117,4.01,-52,0
1118,4.83,-77,0
1119,3.98,-62,0
1120,4.75,-65,0
1121,4.69,-59,0
1122,4.67,-51,0
1123,4.88,-61,0
1124,4.29,-60,0
1125,3.13,-56,0
1126,4.34,-63,0
1127,3.21,-58,0
1128,4.17,-67,0
1129,4.2,-79,0
1130,3.24,-73,0
1131,4.35,-69,0
1132,3.01,-66,0
1133,3.42,-67,0
1134,3.79,-63,0
1135,3.5,-50,0
1136,3.21,-80,0
1137,4.33,-74,0
1138,3.8,-78,0
1139,4.19,-68,0
1140,3.72,-59,0
1141,4.14,-80,0
1142,3.53,-53,0
1143,4.13,-64,0
1144,4.36,-79,0
1145,4.31,-60,0
1146,3.87,-80,0
1147,4.94,-64,0
1148,4.62,-66,0
1149,4.75,-59,0
1150,4.95,-79,0
1151,4.04,-64,0
1152,3.19,-77,0
1153,4.13,-53,0
1154,3.54,-72,0
1155,4.99,-50,0
1156,4.54,-63,0
1157,4.91,-56,0
1158,3.99,-54,0
1159,3.58,-50,0
1160,3.71,-70,0
1161,3.74,-73,0
1162,3.87,-68,0
1163,4.03,-80,0
1164,4.95,-61,0
1165,3.97,-69,0
1166,4.54,-72,0
1167,4.7,-60,0
1168,3.68,-71,0
1169,4.67,-80,0
1170,4.26,-70,0
1171,3.53,-72,0
1172,4.49,-66,0
1173,3.18,-58,0
1174,4.88,-60,0
1175,3.43,-80,0
1176,3.8,-66,0
1177,3.37,-74,0
1178,4.84,-69,0
1179,4.1,-57,0
1180,4.62,-70,0
1181,4.32,-90,1
1182,3.38,-54,0
1183,3.39,-65,0
1184,3.83,-68,0
1185,3.37,-72,0
1186,3.81,-74,0
1187,3.86,-53,0
1188,3.99,-73,0
1189,3.69,-69,0
1190,3.3,-60,0
1191,3.74,-53,0
1192,4.88,-57,0
1193,3.46,-53,0
1194,3.57,-55,0
1195,1.64,-69,1
1196,3.53,-72,0
1197,4.25,-79,0
1198,3.27,-55,0
1199,4.73,-80,0
1200,4.51,-55,0
1201,3.22,-72,0
1202,4.87,-71,0
1203,4.78,-53,0
1204,4.51,-53,0
1205,3.97,-97,1
1206,4.76,-53,0
1207,3.89,-75,0
1208,3.46,-64,0
1209,4.09,-97,1
1210,3.39,-75,0
1211,3.92,-78,0
1212,3.27,-52,0
1213,1.24,-67,1
1214,3.22,-54,0
1215,4.65,-51,0
1216,4.86,-53,0
1217,4.73,-64,0
1218,3.89,-72,0
1219,3.62,-69,0
1220,3.45,-57,0
1221,3.81,-79,0
1222,3.15,-75,0
1223,3.99,-61,0
1224,3.45,-57,0
1225,3.58,-75,0
1226,4.74,-79,0
1227,3.87,-51,0
1228,3.79,-56,0
1229,3.57,-67,0
1230,3.69,-64,0
1231,4.11,-64,0
1232,3.6,-69,0
1233,4.0,-52,0
1234,3.52,-69,0
1235,4.45,-51,0
1236,3.47,-72,0
1237,4.61,-78,0
1238,3.56,-80,0
1239,3.57,-72,0
1240,4.21,-56,0
1241,4.86,-54,0
1242,3.6,-51,0
1243,1.77,-57,1
1244,3.38,-73,0
1245,3.91,-68,0
1246,3.39,-57,0
1247,4.65,-98,1
1248,3.49,-79,0
1249,3.94,-57,0
1250,3.76,-69,0
1251,4.02,-76,0
1252,3.75,-80,0
1253,3.83,-77,0
1254,2.57,-55,1
1255,3.79,-51,0
1256,3.57,-61,0
1257,4.78,-75,0
1258,3.5,-54,0
1259,4.25,-60,0
1260,4.2,-50,0
1261,4.04,-79,0
1262,4.18,-60,0
1263,4.25,-58,0
1264,4.8,-58,0
1265,2.73,-71,1
1266,4.95,-54,0
1267,4.7,-58,0
1268,3.8,-67,0
1269,2.71,-77,1
1270,4.75,-76,0
1271,3.15,-68,0
1272,3.33,-65,0
1273,3.89,-95,1
1274,4.74,-76,0
1275,4.52,-72,0
1276,3.48,-56,0
1277,2.24,-73,1
1278,4.88,-70,0
1279,4.21,-96,1
1280,4.53,-60,0
1281,3.28,-59,0
1282,3.2,-68,0
1283,3.61,-66,0
1284,3.7,-52,0
1285,4.49,-74,0
1286,3.53,-70,0
1287,4.75,-59,0
1288,3.05,-73,0
1289,3.55,-68,0
1290,3.92,-73,0
1291,2.4,-95,1
1292,3.57,-68,0
1293,3.21,-52,0
1294,4.8,-67,0
1295,4.34,-67,0
1296,3.48,-77,0
1297,3.73,-56,0
1298,4.84,-53,0
1299,4.59,-69,0
1300,4.49,-76,0
1301,3.71,-80,0
1302,3.49,-100,1
1303,4.98,-54,0
1304,3.51,-54,0
1305,4.5,-74,0
1306,3.25,-98,1
1307,4.4,-79,0
1308,4.33,-75,0
1309,4.55,-80,0
1310,3.24,-100,1
1311,3.22,-71,0
1312,3.46,-54,0
1313,3.53,-67,0
1314,4.67,-68,0
1315,3.46,-50,0
1316,0.67,-50,1
1317,4.5,-62,0
1318,4.24,-79,0
1319,3.95,-56,0
1320,3.31,-62,0
1321,0.04,-75,1
1322,4.65,-52,0
1323,4.62,-55,0
1324,4.02,-64,0
1325,4.38,-62,0
1326,4.73,-50,0
1327,4.46,-59,0
1328,4.68,-58,0
1329,4.79,-78,0
1330,3.49,-79,0
1331,3.84,-60,0
1332,4.0,-90,1
1333,4.07,-77,0
1334,4.75,-53,0
1335,4.31,-54,0
1336,2.92,-59,1
1337,3.0,-52,0
1338,4.59,-51,0
1339,4.01,-56,0
1340,4.66,-79,0
1341,3.71,-78,0
1342,3.4,-95,1
1343,2.95,-75,1
1344,4.34,-71,0
1345,3.38,-71,0
1346,3.8,-52,0
1347,4.18,-58,0
1348,4.62,-56,0
1349,4.09,-58,0
1350,3.03,-52,0
1351,3.43,-95,1
1352,4.8,-75,0
1353,3.72,-80,0
1354,3.72,-52,0
1355,4.59,-61,0
1356,4.02,-56,0
1357,4.73,-77,0
1358,3.36,-61,0
1359,3.91,-72,0
1360,3.23,-72,0
1361,3.07,-62,0
1362,3.55,-68,0
1363,3.83,-57,0
1364,3.39,-71,0
1365,4.05,-57,0
1366,4.45,-51,0
1367,4.86,-66,0
1368,3.93,-68,0
1369,4.75,-56,0
1370,4.27,-58,0
1371,3.47,-52,0
1372,3.99,-72,0
1373,4.26,-71,0
1374,4.21,-75,0
1375,4.53,-59,0
1376,3.58,-78,0
1377,3.21,-76,0
1378,4.34,-77,0
1379,3.08,-65,0
1380,4.77,-70,0
1381,3.45,-78,0
1382,4.9,-66,0
1383,3.51,-56,0
1384,2.6,-70,1
1385,4.96,-51,0
1386,4.82,-66,0
1387,2.69,-51,1
1388,4.83,-75,0
1389,4.19,-73,0
1390,3.59,-77,0
1391,3.82,-62,0
1392,4.62,-72,0
1393,3.64,-70,0
1394,3.47,-91,1
1395,4.93,-63,0
1396,3.46,-62,0
1397,4.84,-80,0
1398,4.87,-59,0
1399,3.1,-59,0
1400,4.53,-73,0
1401,3.63,-64,0
1402,3.94,-70,0
1403,4.66,-54,0
1404,4.43,-80,0
1405,3.63,-58,0
1406,3.91,-76,0
1407,3.12,-55,0
1408,3.08,-57,0
1409,4.74,-76,0
1410,4.93,-57,0
1411,4.28,-50,0
1412,4.86,-71,0
1413,4.28,-93,1
1414,3.34,-52,0
1415,3.69,-99,1
1416,3.24,-97,1
1417,3.72,-62,0
1418,3.44,-69,0
1419,3.86,-60,0
1420,3.38,-72,0
1421,4.98,-63,0
1422,4.15,-76,0
1423,3.92,-79,0
1424,4.23,-67,0
1425,3.14,-67,0
1426,4.99,-67,0
1427,4.53,-59,0
1428,3.39,-79,0
1429,4.48,-74,0
1430,4.61,-60,0
1431,3.7,-78,0
1432,4.78,-57,0
1433,3.76,-73,0
1434,3.51,-59,0
1435,4.79,-51,0
1436,2.02,-51,1
1437,3.43,-74,0
1438,3.9,-56,0
1439,3.69,-57,0
1440,3.82,-66,0
1441,4.58,-96,1
1442,4.39,-99,1
1443,4.91,-69,0
1444,3.33,-64,0
1445,4.91,-79,0
1446,4.4,-52,0
1447,4.8,-63,0
1448,4.63,-53,0
1449,1.55,-75,1
1450,3.2,-70,0
1451,4.72,-60,0
1452,3.83,-71,0
1453,3.52,-72,0
1454,4.16,-63,0
1455,3.47,-67,0
1456,3.27,-78,0
1457,3.65,-92,1
1458,4.21,-58,0
1459,3.94,-60,0
1460,4.94,-69,0
1461,3.37,-67,0
1462,3.6,-74,0
1463,4.31,-67,0
1464,3.14,-61,0
1465,4.84,-56,0
1466,1.38,-75,1
1467,3.4,-59,0
1468,4.55,-59,0
1469,3.45,-52,0
1470,4.62,-59,0
1471,4.44,-70,0
1472,3.12,-64,0
1473,3.43,-56,0
1474,3.88,-79,0
1475,3.08,-76,0
1476,4.75,-67,0
1477,4.3,-78,0
1478,1.4,-63,1
1479,4.51,-63,0
1480,3.15,-63,0
1481,3.03,-68,0
1482,3.78,-52,0
1483,4.17,-79,0
1484,4.33,-68,0
1485,4.79,-76,0
1486,3.03,-73,0
1487,4.29,-60,0
1488,3.21,-78,0
1489,4.66,-78,0
1490,3.69,-77,0
1491,3.53,-50,0
1492,4.24,-56,0
1493,3.43,-75,0
1494,3.69,-50,0
1495,3.08,-74,0
1496,4.38,-65,0
1497,4.66,-70,0
1498,3.21,-80,0
1499,4.37,-74,0
1500,4.89,-95,1
1501,3.9,-77,0
1502,0.05,-53,1
1503,3.75,-63,0
1504,4.12,-50,0
1505,1.64,-54,1
1506,4.47,-61,0
1507,4.92,-61,0
1508,4.27,-68,0
1509,4.38,-77,0
1510,4.14,-80,0
1511,3.51,-63,0
1512,4.0,-91,1
1513,4.69,-56,0
1514,3.84,-50,0
1515,4.95,-73,0
1516,4.84,-60,0
1517,3.21,-78,0
1518,4.79,-70,0
1519,3.62,-72,0
1520,3.18,-76,0
1521,3.42,-59,0
1522,4.54,-75,0
1523,4.66,-50,0
1524,3.43,-69,0
1525,3.05,-79,0
1526,3.04,-67,0
1527,3.1,-55,0
1528,2.2,-50,1
1529,3.06,-62,0
1530,3.13,-60,0
1531,4.26,-80,0
1532,3.89,-70,0
1533,3.51,-50,0
1534,3.85,-80,0
1535,3.53,-52,0
1536,2.35,-76,1
1537,3.41,-54,0
1538,3.55,-64,0
1539,3.52,-56,0
1540,3.03,-76,0
1541,4.22,-63,0
1542,3.9,-65,0
1543,4.99,-59,0
1544,4.65,-73,0
1545,3.22,-59,0
1546,3.55,-52,0
1547,3.47,-59,0
1548,4.47,-60,0
1549,3.19,-65,0
1550,4.14,-72,0
1551,3.85,-65,0
1552,3.52,-72,0
1553,3.63,-63,0
1554,3.67,-77,0
1555,4.15,-67,0
1556,4.79,-56,0
1557,4.22,-60,0
1558,3.16,-65,0
1559,3.29,-63,0
1560,4.89,-51,0
1561,4.77,-91,1
1562,4.29,-69,0
1563,3.71,-50,0
1564,4.05,-70,0
1565,3.68,-96,1
1566,1.06,-67,1
1567,4.61,-76,0
1568,4.21,-50,0
1569,4.36,-73,0
1570,3.53,-71,0
1571,3.78,-100,1
1572,3.71,-70,0
1573,3.97,-93,1
1574,4.02,-56,0
1575,0.15,-76,1
1576,4.45,-52,0
1577,3.86,-59,0
1578,3.48,-58,0
1579,4.75,-78,0
1580,4.15,-79,0
1581,3.52,-73,0
1582,3.22,-71,0
1583,3.49,-70,0
1584,4.1,-51,0
1585,2.87,-60,1
1586,1.76,-77,1
1587,3.87,-64,0
1588,3.14,-55,0
1589,3.15,-55,0
1590,3.84,-57,0
1591,4.01,-62,0
1592,4.84,-57,0
1593,4.88,-56,0
1594,4.51,-80,0
1595,3.31,-56,0
1596,4.05,-59,0
1597,4.65,-58,0
1598,3.24,-61,0
1599,3.86,-54,0
1600,4.55,-66,0
1601,4.72,-70,0
1602,5.0,-72,0
1603,4.9,-55,0
1604,4.8,-73,0
1605,4.58,-60,0
1606,3.23,-58,0
1607,3.09,-70,0
1608,3.98,-73,0
1609,1.13,-77,1
1610,4.91,-50,0
1611,4.83,-92,1
1612,3.56,-58,0
1613,2.29,-74,1
1614,3.71,-53,0
1615,3.92,-69,0
1616,2.87,-53,1
1617,4.82,-74,0
1618,4.12,-57,0
1619,4.51,-59,0
1620,4.52,-80,0
1621,4.22,-77,0
1622,3.62,-71,0
1623,3.87,-77,0
1624,3.66,-54,0
1625,3.9,-55,0
1626,4.51,-55,0
1627,4.2,-59,0
1628,3.34,-70,0
1629,4.37,-77,0
1630,4.17,-67,0
1631,4.0,-63,0
1632,4.01,-53,0
1633,4.9,-74,0
1634,4.8,-55,0
1635,4.63,-67,0
1636,4.44,-52,0
1637,3.13,-54,0
1638,4.81,-69,0
1639,3.05,-97,1
1640,4.5,-70,0
1641,3.96,-57,0
1642,3.79,-53,0
1643,3.6,-55,0
1644,4.86,-79,0
1645,3.78,-68,0
1646,3.04,-63,0
1647,3.8,-77,0
1648,3.91,-62,0
1649,3.83,-77,0
1650,3.81,-56,0
1651,3.33,-57,0
1652,4.45,-56,0
1653,3.78,-64,0
1654,4.25,-55,0
1655,4.15,-68,0
1656,3.92,-66,0
1657,3.42,-66,0
1658,4.74,-61,0
1659,4.71,-71,0
1660,4.32,-76,0
1661,4.59,-65,0
1662,4.86,-90,1
1663,3.06,-68,0
1664,3.09,-69,0
1665,4.42,-57,0
1666,3.91,-72,0
1667,4.11,-76,0
1668,4.77,-64,0
1669,3.48,-76,0
1670,4.33,-66,0
1671,4.71,-79,0
1672,3.59,-77,0
1673,3.69,-80,0
1674,4.91,-61,0
1675,4.83,-65,0
1676,3.9,-92,1
1677,3.25,-99,1
1678,4.47,-67,0
1679,3.0,-60,0
1680,3.51,-57,0
1681,3.98,-52,0
1682,1.29,-51,1
1683,3.91,-76,0
1684,4.74,-53,0
1685,3.78,-77,0
1686,3.2,-51,0
1687,4.76,-66,0
1688,4.56,-54,0
1689,3.13,-75,0
1690,4.27,-54,0
1691,4.61,-98,1
1692,3.91,-71,0
1693,4.99,-52,0
1694,3.34,-67,0
1695,4.99,-80,0
1696,4.7,-79,0
1697,3.29,-56,0
1698,0.81,-78,1
1699,3.27,-77,0
1700,4.03,-67,0
1701,4.91,-79,0
1702,3.63,-60,0
1703,4.44,-67,0
1704,4.48,-67,0
1705,3.53,-51,0
1706,3.61,-76,0
1707,3.37,-76,0
1708,3.85,-62,0
1709,4.5,-65,0
1710,4.32,-51,0
1711,3.15,-59,0
1712,3.57,-68,0
1713,4.33,-51,0
1714,4.75,-52,0
1715,4.07,-79,0
1716,4.01,-67,0
1717,4.15,-74,0
1718,4.28,-67,0
1719,3.55,-90,1
1720,4.57,-76,0
1721,4.05,-73,0
1722,3.22,-68,0
1723,4.04,-68,0
1724,4.94,-55,0
1725,4.1,-56,0
1726,4.67,-68,0
1727,4.87,-62,0
1728,3.2,-72,0
1729,4.52,-72,0
1730,3.5,-54,0
1731,4.66,-59,0
1732,4.52,-59,0
1733,4.98,-72,0
1734,4.53,-59,0
1735,1.34,-66,1
1736,3.56,-71,0
1737,3.51,-60,0
1738,3.01,-53,0
1739,3.27,-54,0
1740,3.62,-74,0
1741,4.68,-67,0
1742,3.47,-51,0
1743,4.38,-63,0
1744,4.34,-59,0
1745,3.4,-66,0
1746,4.31,-60,0
1747,3.4,-57,0
1748,3.41,-56,0
1749,4.57,-61,0
1750,3.01,-58,0
1751,4.24,-78,0
1752,4.2,-67,0
1753,4.11,-65,0
1754,3.55,-58,0
1755,4.88,-76,0
1756,4.06,-60,0
1757,4.32,-63,0
1758,4.26,-74,0
1759,4.02,-59,0
1760,3.28,-70,0
1761,3.86,-54,0
1762,4.96,-95,1
1763,1.89,-71,1
1764,3.83,-55,0
1765,4.14,-63,0
1766,4.68,-59,0
1767,4.63,-71,0
1768,3.64,-59,0
1769,4.64,-71,0
1770,4.99,-55,0
1771,4.61,-74,0
1772,3.68,-64,0
1773,4.26,-71,0
1774,4.18,-65,0
1775,3.7,-100,1
1776,3.21,-70,0
1777,4.17,-50,0
1778,3.68,-71,0
1779,3.24,-58,0
1780,4.31,-50,0
1781,1.15,-78,1
1782,3.24,-61,0
1783,3.36,-56,0
1784,4.68,-61,0
1785,3.52,-76,0
1786,3.5,-62,0
1787,4.7,-56,0
1788,4.33,-55,0
1789,4.59,-56,0
1790,4.65,-62,0
1791,4.42,-63,0
1792,4.92,-59,0
1793,4.48,-54,0
1794,4.57,-99,1
1795,4.16,-68,0
1796,4.96,-52,0
1797,4.46,-53,0
1798,4.14,-97,1
1799,3.51,-52,0
1800,3.21,-65,0
1801,3.38,-72,0
1802,4.25,-59,0
1803,4.84,-78,0
1804,0.16,-69,1
1805,3.9,-59,0
1806,4.86,-74,0
1807,3.36,-95,1
1808,0.54,-60,1
1809,3.35,-74,0
1810,3.14,-78,0
1811,4.47,-57,0
1812,3.86,-68,0
1813,4.49,-70,0
1814,4.69,-56,0
1815,4.74,-69,0
1816,4.21,-99,1
1817,4.58,-76,0
1818,4.83,-62,0
1819,3.59,-66,0
1820,4.73,-77,0
1821,3.45,-63,0
1822,3.61,-71,0
1823,3.05,-51,0
1824,3.26,-58,0
1825,4.73,-50,0
1826,3.64,-71,0
1827,4.84,-63,0
1828,4.15,-97,1
1829,4.97,-93,1
1830,4.64,-75,0
1831,4.55,-55,0
1832,3.38,-51,0
1833,4.76,-67,0
1834,4.33,-65,0
1835,4.11,-76,0
1836,3.62,-60,0
1837,3.45,-80,0
1838,4.43,-51,0
1839,3.38,-76,0
1840,3.26,-57,0
1841,3.47,-78,0
1842,2.37,-57,1
1843,4.19,-72,0
1844,3.51,-55,0
1845,3.93,-70,0
1846,3.58,-64,0
1847,3.93,-75,0
1848,3.63,-63,0
1849,4.8,-63,0
1850,4.98,-71,0
1851,3.49,-65,0
1852,3.28,-57,0
1853,4.72,-74,0
1854,4.62,-73,0
1855,4.3,-67,0
1856,4.58,-79,0
1857,4.14,-91,1
1858,3.26,-50,0
1859,4.53,-80,0
1860,4.76,-68,0
1861,4.29,-60,0
1862,4.72,-62,0
1863,3.77,-67,0
1864,4.03,-61,0
1865,3.62,-55,0
1866,4.0,-100,1
1867,4.7,-70,0
1868,4.62,-75,0
1869,3.6,-77,0
1870,4.81,-54,0
1871,4.9,-57,0
1872,4.87,-64,0
1873,3.39,-72,0
1874,1.18,-55,1
1875,4.19,-52,0
1876,3.07,-80,0
1877,3.55,-52,0
1878,3.96,-53,0
1879,4.15,-61,0
1880,4.8,-65,0
1881,4.1,-63,0
1882,3.19,-71,0
1883,4.54,-63,0
1884,4.19,-62,0
1885,3.72,-75,0
1886,3.79,-56,0
1887,4.99,-73,0
1888,0.09,-52,1
1889,4.97,-52,0
1890,3.4,-71,0
1891,4.79,-60,0
1892,3.77,-59,0
1893,4.83,-65,0
1894,4.79,-78,0
1895,4.79,-71,0
1896,4.73,-73,0
1897,4.4,-75,0
1898,4.88,-76,0
1899,4.09,-77,0
1900,4.12,-56,0
1901,3.77,-63,0
1902,3.48,-96,1
1903,3.7,-54,0
1904,3.32,-78,0
1905,4.72,-71,0
1906,3.01,-74,0
1907,0.06,-73,1
1908,3.58,-58,0
1909,0.57,-64,1
1910,3.7,-62,0
1911,4.41,-51,0
1912,3.15,-52,0
1913,4.91,-61,0
1914,3.71,-56,0
1915,3.18,-66,0
1916,3.87,-65,0
1917,4.43,-73,0
1918,4.75,-51,0
1919,3.26,-61,0
1920,3.11,-53,0
1921,3.54,-68,0
1922,4.74,-62,0
1923,3.47,-75,0
1924,4.41,-65,0
1925,4.54,-66,0
1926,4.09,-75,0
1927,3.31,-52,0
1928,3.49,-57,0
1929,3.45,-54,0
1930,3.64,-99,1
1931,4.52,-53,0
1932,3.67,-71,0
1933,3.58,-60,0
1934,4.6,-68,0
1935,4.83,-52,0
1936,4.54,-91,1
1937,4.0,-52,0
1938,4.29,-57,0
1939,3.57,-63,0
1940,4.46,-58,0
1941,4.67,-67,0
1942,3.01,-53,0
1943,3.55,-58,0
1944,3.29,-78,0
1945,4.68,-90,1
1946,3.5,-79,0
1947,4.14,-56,0
1948,4.59,-70,0
1949,4.1,-77,0
1950,3.06,-67,0
1951,3.61,-61,0
1952,4.48,-64,0
1953,4.31,-79,0
1954,4.43,-57,0
1955,4.02,-61,0
1956,3.5,-54,0
1957,4.89,-74,0
1958,4.11,-66,0
1959,3.93,-59,0
1960,4.24,-71,0
1961,3.1,-90,1
1962,4.16,-63,0
1963,3.56,-59,0
1964,4.11,-94,1
1965,4.76,-61,0
1966,3.89,-50,0
1967,3.58,-69,0
1968,3.41,-69,0
1969,3.22,-50,0
1970,1.76,-76,1
1971,4.58,-69,0
1972,3.22,-59,0
1973,4.87,-77,0
1974,4.89,-53,0
1975,4.88,-60,0
1976,4.12,-67,0
1977,3.31,-79,0
1978,4.64,-60,0
1979,3.3,-72,0
1980,4.29,-64,0
1981,4.87,-74,0
1982,3.85,-63,0
1983,3.72,-53,0
1984,3.98,-80,0
1985,3.8,-54,0
1986,3.4,-52,0
1987,4.65,-65,0
1988,3.49,-80,0
1989,3.33,-66,0
1990,4.41,-64,0
1991,3.24,-77,0
1992,4.84,-70,0
1993,3.29,-63,0
1994,4.66,-70,0
1995,3.42,-65,0
1996,4.52,-72,0
1997,4.71,-53,0
1998,3.37,-80,0
1999,3.7,-100,1
2000,3.45,-59,0
2001,3.56,-74,0
2002,3.82,-74,0
2003,4.78,-54,0
2004,3.64,-78,0
2005,3.67,-61,0
2006,3.76,-74,0
2007,3.6,-57,0
2008,4.98,-58,0
2009,3.63,-54,0
2010,4.9,-56,0
2011,4.81,-77,0
2012,3.46,-76,0
2013,4.36,-69,0
2014,1.86,-61,1
2015,4.35,-99,1
2016,3.27,-61,0
2017,4.65,-71,0
2018,4.92,-57,0
2019,4.71,-50,0
2020,2.44,-69,1
2021,3.72,-64,0
2022,3.76,-77,0
2023,4.02,-79,0
2024,5.0,-58,0
2025,3.43,-73,0
2026,3.93,-55,0
2027,3.65,-75,0
2028,3.58,-67,0
2029,4.3,-74,0
2030,3.74,-69,0
2031,4.23,-54,0
2032,4.43,-80,0
2033,1.86,-64,1
2034,3.73,-57,0
2035,4.81,-73,0
2036,4.99,-76,0
2037,3.91,-55,0
2038,4.27,-50,0
2039,4.67,-77,0
2040,3.29,-67,0
2041,3.95,-65,0
2042,1.34,-80,1
2043,4.7,-58,0
2044,4.98,-75,0
2045,3.89,-73,0
2046,3.23,-64,0
2047,3.19,-61,0
2048,3.13,-64,0
2049,3.97,-77,0
2050,3.27,-78,0
2051,3.56,-71,0
2052,4.04,-71,0
2053,3.82,-63,0
2054,4.23,-67,0
2055,1.5,-58,1
2056,4.4,-67,0
2057,3.15,-79,0
2058,3.84,-93,1
2059,4.5,-57,0
2060,4.68,-65,0
2061,4.55,-75,0
2062,4.47,-51,0
2063,3.8,-56,0
2064,3.42,-78,0
2065,4.97,-53,0
2066,2.46,-64,1
2067,4.67,-70,0
2068,4.84,-72,0
2069,3.53,-56,0
2070,3.96,-62,0
2071,4.27,-100,1
2072,4.19,-78,0
2073,3.89,-71,0
2074,4.44,-80,0
2075,4.98,-62,0
2076,3.29,-64,0
2077,4.74,-63,0
2078,3.0,-51,0
2079,3.8,-77,0
2080,4.26,-79,0
2081,3.74,-60,0
2082,3.36,-51,0
2083,4.07,-66,0
2084,4.75,-63,0
2085,4.09,-76,0
2086,4.19,-71,0
2087,3.67,-67,0
2088,3.23,-73,0
2089,3.91,-50,0
2090,4.73,-60,0
2091,4.65,-59,0
2092,4.02,-75,0
2093,4.23,-54,0
2094,4.75,-77,0
2095,1.72,-62,1
2096,4.79,-98,1
2097,0.8,-79,1
2098,3.2,-61,0
2099,4.73,-96,1
2100,4.09,-65,0
2101,4.75,-64,0
2102,3.52,-69,0
2103,3.85,-59,0
2104,3.85,-79,0
2105,3.93,-72,0
2106,3.28,-73,0
2107,4.62,-76,0
2108,3.01,-80,0
2109,4.47,-65,0
2110,3.93,-51,0
2111,0.55,-62,1
2112,3.08,-58,0
2113,3.78,-63,0
2114,4.46,-95,1
2115,4.39,-68,0
2116,4.98,-71,0
2117,2.63,-70,1
2118,3.24,-75,0
2119,3.85,-65,0
2120,4.23,-55,0
2121,4.02,-93,1
2122,4.84,-51,0
2123,4.66,-74,0
2124,4.85,-80,0
2125,4.18,-71,0
2126,3.47,-76,0
2127,0.04,-70,1
2128,4.16,-50,0
2129,3.86,-73,0
2130,4.79,-63,0
2131,4.54,-69,0
2132,3.79,-78,0
2133,4.61,-76,0
2134,3.65,-57,0
2135,4.78,-59,0
2136,3.62,-56,0
2137,0.54,-77,1
2138,3.73,-78,0
2139,3.51,-68,0
2140,3.44,-58,0
2141,4.96,-76,0
2142,3.93,-51,0
2143,4.28,-99,1
2144,3.83,-55,0
2145,4.2,-51,0
2146,3.35,-71,0
2147,3.17,-78,0
2148,3.83,-50,0
2149,4.12,-95,1
2150,4.92,-69,0
2151,3.1,-75,0
2152,4.7,-59,0
2153,4.91,-58,0
2154,3.8,-61,0
2155,4.44,-80,0
2156,3.1,-64,0
2157,3.41,-56,0
2158,4.69,-73,0
2159,4.5,-75,0
2160,5.0,-65,0
2161,4.92,-64,0
2162,3.39,-68,0
2163,3.38,-69,0
2164,3.49,-80,0
2165,3.68,-58,0
2166,4.31,-78,0
2167,1.67,-54,1
2168,4.44,-57,0
2169,3.13,-69,0
2170,2.49,-69,1
2171,3.98,-68,0
2172,3.81,-64,0
2173,4.64,-60,0
2174,3.66,-78,0
2175,4.77,-57,0
2176,4.25,-52,0
2177,3.24,-68,0
2178,3.02,-80,0
2179,4.35,-73,0
2180,3.85,-56,0
2181,3.43,-78,0
2182,3.28,-77,0
2183,4.8,-96,1
2184,3.79,-62,0
2185,4.43,-64,0
2186,4.44,-63,0
2187,3.45,-69,0
2188,3.05,-79,0
2189,3.24,-74,0
2190,4.73,-52,0
2191,3.49,-56,0
2192,3.2,-71,0
2193,3.52,-56,0
2194,4.44,-60,0
2195,4.34,-79,0
2196,3.99,-63,0
2197,3.01,-70,0
2198,4.87,-73,0
2199,3.13,-66,0
2200,4.71,-76,0
2201,4.23,-57,0
2202,3.42,-57,0
2203,4.07,-72,0
2204,3.44,-74,0
2205,3.7,-77,0
2206,3.47,-68,0
2207,2.03,-75,1
2208,4.92,-74,0
2209,4.75,-77,0
2210,3.89,-73,0
2211,3.23,-72,0
2212,3.93,-57,0
2213,3.28,-72,0
2214,4.68,-57,0
2215,4.42,-73,0
2216,4.36,-72,0
2217,3.14,-72,0
2218,4.91,-70,0
2219,4.17,-54,0
2220,5.0,-74,0
2221,3.58,-93,1
2222,4.71,-52,0
2223,4.52,-53,0
2224,4.78,-62,0
2225,3.92,-53,0
2226,3.79,-62,0
2227,4.28,-58,0
2228,4.77,-78,0
2229,3.56,-68,0
2230,3.49,-72,0
2231,4.22,-50,0
2232,3.6,-50,0
2233,4.65,-77,0
2234,4.0,-60,0
2235,4.6,-73,0
2236,4.67,-59,0
2237,4.22,-71,0
2238,2.45,-64,1
2239,4.06,-54,0
2240,3.41,-74,0
2241,3.0,-58,0
2242,3.11,-62,0
2243,3.91,-60,0
2244,3.16,-62,0
2245,4.85,-59,0
2246,3.37,-57,0
2247,4.03,-55,0
2248,4.03,-74,0
2249,4.37,-76,0
2250,3.95,-79,0
2251,3.44,-76,0
2252,4.57,-53,0
2253,4.06,-92,1
2254,3.24,-74,0
2255,4.74,-78,0
2256,3.52,-70,0
2257,0.25,-67,1
2258,3.44,-54,0
2259,4.66,-73,0
2260,4.51,-71,0
2261,4.68,-67,0
2262,4.82,-53,0
2263,4.48,-70,0
2264,3.24,-50,0
2265,4.04,-99,1
2266,3.48,-57,0
2267,4.14,-72,0
2268,4.3,-91,1
2269,4.09,-67,0
2270,4.83,-74,0
2271,4.92,-73,0
2272,3.33,-51,0
2273,4.88,-68,0
2274,4.9,-68,0
2275,4.31,-55,0
2276,4.19,-80,0
2277,3.42,-75,0
2278,3.66,-74,0
2279,4.62,-62,0
2280,4.51,-61,0
2281,3.51,-52,0
2282,4.22,-71,0
2283,4.7,-66,0
2284,4.41,-76,0
2285,4.07,-68,0
2286,4.62,-70,0
2287,3.79,-51,0
2288,3.82,-78,0
2289,4.83,-61,0
2290,4.92,-96,1
2291,4.23,-69,0
2292,3.29,-62,0
2293,4.04,-99,1
2294,3.47,-63,0
2295,4.21,-62,0
2296,3.58,-73,0
2297,4.14,-64,0
2298,4.07,-80,0
2299,3.68,-68,0
2300,3.43,-75,0
2301,4.26,-53,0
2302,3.88,-52,0
2303,4.54,-59,0
2304,3.51,-50,0
2305,3.63,-53,0
2306,3.9,-71,0
2307,4.18,-68,0
2308,4.83,-62,0
2309,4.24,-50,0
2310,3.87,-53,0
2311,4.15,-50,0
2312,4.93,-51,0
2313,3.19,-61,0
2314,3.31,-74,0
2315,3.8,-54,0
2316,3.03,-79,0
2317,3.67,-74,0
2318,4.0,-56,0
2319,3.86,-79,0
2320,3.1,-61,0
2321,4.93,-59,0
2322,3.42,-52,0
2323,3.08,-74,0
2324,4.84,-57,0
2325,4.37,-64,0
2326,4.05,-69,0
2327,4.06,-78,0
2328,3.77,-55,0
2329,3.38,-56,0
2330,4.59,-64,0
2331,4.5,-99,1
2332,4.31,-62,0
2333,4.75,-74,0
2334,3.73,-63,0
2335,3.22,-79,0
2336,3.2,-62,0
2337,4.03,-57,0
2338,4.92,-62,0
2339,4.42,-78,0
2340,3.71,-92,1
2341,4.46,-58,0
2342,4.02,-67,0
2343,4.76,-57,0
2344,4.54,-62,0
2345,0.63,-65,1
2346,3.64,-50,0
2347,4.94,-95,1
2348,4.34,-60,0
2349,4.11,-78,0
2350,4.23,-50,0
2351,4.47,-72,0
2352,4.77,-66,0
2353,4.98,-54,0
2354,3.69,-54,0
2355,3.08,-51,0
2356,3.02,-56,0
2357,4.31,-59,0
2358,3.06,-71,0
2359,4.01,-52,0
2360,4.7,-54,0
2361,2.95,-60,1
2362,4.63,-100,1
2363,3.42,-76,0
2364,3.58,-100,1
2365,4.76,-58,0
2366,3.33,-67,0
2367,3.82,-57,0
2368,3.83,-55,0
2369,3.35,-66,0
2370,4.91,-51,0
2371,3.37,-55,0
2372,3.6,-76,0
2373,4.45,-64,0
2374,4.09,-78,0
2375,4.6,-68,0
2376,0.44,-73,1
2377,4.7,-98,1
2378,3.61,-59,0
2379,3.85,-58,0
2380,4.39,-50,0
2381,4.08,-68,0
2382,3.35,-79,0
2383,3.73,-68,0
2384,3.87,-76,0
2385,4.15,-50,0
2386,4.67,-76,0
2387,4.57,-55,0
2388,4.43,-78,0
2389,3.73,-55,0
2390,3.05,-76,0
2391,3.7,-50,0
2392,4.24,-58,0
2393,3.95,-50,0
2394,4.37,-71,0
2395,3.41,-71,0
2396,3.51,-51,0
2397,4.13,-77,0
2398,3.18,-77,0
2399,3.5,-52,0
2400,3.38,-71,0
2401,4.48,-70,0
2402,3.25,-61,0
2403,4.22,-71,0
2404,4.69,-58,0
2405,3.91,-80,0
2406,3.32,-64,0
2407,4.82,-75,0
2408,4.19,-78,0
2409,3.38,-75,0
2410,4.27,-59,0
2411,4.35,-69,0
2412,4.8,-98,1
2413,4.25,-61,0
2414,3.52,-68,0
2415,4.64,-58,0
2416,4.33,-55,0
2417,4.41,-77,0
2418,0.1,-51,1
2419,4.0,-72,0
2420,4.09,-71,0
2421,4.27,-78,0
2422,4.57,-80,0
2423,4.23,-65,0
2424,4.05,-62,0
2425,4.8,-55,0
2426,4.67,-80,0
2427,3.4,-78,0
2428,4.97,-77,0
2429,3.75,-78,0
2430,3.71,-70,0
2431,4.3,-61,0
2432,4.76,-59,0
2433,4.31,-75,0
2434,3.96,-71,0
2435,4.59,-50,0
2436,4.21,-71,0
2437,4.92,-51,0
2438,3.42,-56,0
2439,3.42,-64,0
2440,4.76,-53,0
2441,4.57,-61,0
2442,4.62,-73,0
2443,3.68,-57,0
2444,3.07,-72,0
2445,2.09,-58,1
2446,4.23,-51,0
2447,3.92,-57,0
2448,4.24,-73,0
2449,3.96,-61,0
2450,4.52,-64,0
2451,4.81,-64,0
2452,3.96,-63,0
2453,3.5,-75,0
2454,4.21,-51,0
2455,4.51,-74,0
2456,2.96,-59,1
2457,3.75,-57,0
2458,4.48,-80,0
2459,4.65,-66,0
2460,4.29,-66,0
2461,4.61,-69,0
2462,4.36,-62,0
2463,3.77,-63,0
2464,3.85,-62,0
2465,3.91,-68,0
2466,4.26,-76,0
2467,3.53,-76,0
2468,1.56,-60,1
2469,3.53,-78,0
2470,3.85,-61,0
2471,4.21,-65,0
2472,4.51,-73,0
2473,4.48,-54,0
2474,3.47,-53,0
2475,3.36,-53,0
2476,4.67,-72,0
2477,4.8,-67,0
2478,3.49,-51,0
2479,3.15,-75,0
2480,3.63,-75,0
2481,4.1,-67,0
2482,4.05,-67,0
2483,3.76,-71,0
2484,3.98,-59,0
2485,4.47,-59,0
2486,4.15,-68,0
2487,4.24,-70,0
2488,4.48,-79,0
2489,4.48,-66,0
2490,3.5,-74,0
2491,3.68,-60,0
2492,4.06,-91,1
2493,3.18,-55,0
2494,3.43,-78,0
2495,4.05,-80,0
2496,4.64,-50,0
2497,2.31,-51,1
2498,4.31,-55,0
2499,3.33,-59,0
2500,3.14,-54,0
2501,4.02,-62,0
2502,3.17,-58,0
2503,4.06,-72,0
2504,4.62,-73,0
2505,3.4,-74,0
2506,4.44,-57,0
2507,3.14,-54,0
2508,3.16,-70,0
2509,3.8,-75,0
2510,3.35,-66,0
2511,3.28,-58,0
2512,4.77,-50,0
2513,4.6,-66,0
2514,4.33,-54,0
2515,3.33,-76,0
2516,4.74,-65,0
2517,4.98,-50,0
2518,3.33,-65,0
2519,4.49,-69,0
2520,4.64,-67,0
2521,4.46,-75,0
2522,4.69,-64,0
2523,3.59,-79,0
2524,4.81,-56,0
2525,4.05,-64,0
2526,4.02,-57,0
2527,3.95,-74,0
2528,4.59,-54,0
2529,4.56,-50,0
2530,1.91,-77,1
2531,3.84,-76,0
2532,3.57,-75,0
2533,4.24,-74,0
2534,4.28,-74,0
2535,3.92,-71,0
2536,3.77,-68,0
2537,3.41,-95,1
2538,3.37,-54,0
2539,4.22,-55,0
2540,2.5,-63,1
2541,4.64,-59,0
2542,3.74,-52,0
2543,4.98,-64,0
2544,3.16,-63,0
2545,4.12,-64,0
2546,3.37,-78,0
2547,3.56,-65,0
2548,4.2,-62,0
2549,4.89,-52,0
2550,4.81,-76,0
2551,4.55,-80,0
2552,3.24,-60,0
2553,3.37,-80,0
2554,3.26,-65,0
2555,3.62,-69,0
2556,4.89,-56,0
2557,3.15,-65,0
2558,1.58,-70,1
2559,4.66,-54,0
2560,3.83,-55,0
2561,4.34,-66,0
2562,3.51,-64,0
2563,4.56,-78,0
2564,4.79,-63,0
2565,4.29,-65,0
2566,4.67,-64,0
2567,3.93,-61,0
2568,4.65,-74,0
2569,3.74,-71,0
2570,3.45,-55,0
2571,3.66,-97,1
2572,3.84,-52,0
2573,3.72,-63,0
2574,4.36,-71,0
2575,0.99,-53,1
2576,4.16,-56,0
2577,3.73,-71,0
2578,3.2,-67,0
2579,3.32,-61,0
2580,4.85,-62,0
2581,3.49,-80,0
2582,1.19,-79,1
2583,3.03,-58,0
2584,4.5,-51,0
2585,4.09,-97,1
2586,4.61,-70,0
2587,4.95,-80,0
2588,4.44,-71,0
2589,5.0,-64,0
2590,3.72,-50,0
2591,4.93,-53,0
2592,4.84,-50,0
2593,4.3,-59,0
2594,4.31,-62,0
2595,4.97,-59,0
2596,2.23,-97,1
2597,4.55,-79,0
2598,4.89,-80,0
2599,4.04,-69,0
2600,4.47,-50,0
2601,3.73,-80,0
2602,4.75,-80,0
2603,3.99,-68,0
2604,0.25,-63,1
2605,4.98,-60,0
2606,3.66,-70,0
2607,4.16,-80,0
2608,3.08,-69,0
2609,3.22,-50,0
2610,4.16,-60,0
2611,4.87,-70,0
2612,3.27,-72,0
2613,3.82,-56,0
2614,3.53,-60,0
2615,1.73,-70,1
2616,3.05,-79,0
2617,4.7,-68,0
2618,1.27,-51,1
2619,4.59,-92,1
2620,3.95,-96,1
2621,2.22,-64,1
2622,4.8,-62,0
2623,3.7,-53,0
2624,4.7,-50,0
2625,3.18,-52,0
2626,4.73,-70,0
2627,3.25,-62,0
2628,3.62,-60,0
2629,4.06,-54,0
2630,4.23,-51,0
2631,3.72,-59,0
2632,4.15,-67,0
2633,4.11,-64,0
2634,3.86,-75,0
2635,3.17,-64,0
2636,3.48,-69,0
2637,3.99,-52,0
2638,4.22,-60,0
2639,4.67,-68,0
2640,4.52,-55,0
2641,4.08,-62,0
2642,4.82,-60,0
2643,3.19,-52,0
2644,3.04,-68,0
2645,3.91,-80,0
2646,4.33,-53,0
2647,3.06,-53,0
2648,3.68,-66,0
2649,3.54,-56,0
2650,2.91,-67,1
2651,3.54,-54,0
2652,4.54,-52,0
2653,4.63,-75,0
2654,4.24,-77,0
2655,4.32,-76,0
2656,4.89,-76,0
2657,3.88,-69,0
2658,3.5,-75,0
2659,4.71,-59,0
2660,4.88,-60,0
2661,4.26,-75,0
2662,3.44,-94,1
2663,4.07,-67,0
2664,3.21,-58,0
2665,3.95,-62,0
2666,3.45,-74,0
2667,4.86,-99,1
2668,3.75,-64,0
2669,4.52,-75,0
2670,3.31,-65,0
2671,3.16,-54,0
2672,3.8,-72,0
2673,3.13,-73,0
2674,3.25,-55,0
2675,3.71,-62,0
2676,4.1,-67,0
2677,4.87,-56,0
2678,3.21,-77,0
2679,4.59,-54,0
2680,3.93,-76,0
2681,4.26,-67,0
2682,3.34,-74,0
2683,1.51,-79,1
2684,4.43,-54,0
2685,4.34,-52,0
2686,4.11,-56,0
2687,4.43,-68,0
2688,3.83,-73,0
2689,4.11,-53,0
2690,3.06,-77,0
2691,4.7,-65,0
2692,3.44,-63,0
2693,3.18,-66,0
2694,4.7,-73,0
2695,4.17,-64,0
2696,4.33,-51,0
2697,4.31,-51,0
2698,3.36,-76,0
2699,3.97,-56,0
2700,4.5,-58,0
2701,4.08,-62,0
2702,3.16,-70,0
2703,3.3,-63,0
2704,4.75,-74,0
2705,3.69,-50,0
2706,3.53,-56,0
2707,3.27,-61,0
2708,3.2,-57,0
2709,3.93,-64,0
2710,4.64,-57,0
2711,4.78,-80,0
2712,4.54,-62,0
2713,4.11,-65,0
2714,4.48,-96,1
2715,4.99,-63,0
2716,3.19,-58,0
2717,3.18,-52,0
2718,2.97,-58,1
2719,3.3,-76,0
2720,4.79,-52,0
2721,4.82,-69,0
2722,4.42,-66,0
2723,4.69,-61,0
2724,4.42,-60,0
2725,4.05,-75,0
2726,3.71,-79,0
2727,3.41,-80,0
2728,4.24,-53,0
2729,4.09,-68,0
2730,3.0,-63,0
2731,4.57,-61,0
2732,4.11,-62,0
2733,3.28,-62,0
2734,4.1,-50,0
2735,4.18,-66,0
2736,4.98,-70,0
2737,4.24,-66,0
2738,4.66,-51,0
2739,3.76,-50,0
2740,3.99,-78,0
2741,3.55,-65,0
2742,3.52,-93,1
2743,4.47,-73,0
2744,3.29,-67,0
2745,0.35,-62,1
2746,3.08,-80,0
2747,4.12,-51,0
2748,0.45,-74,1
2749,4.61,-53,0
2750,4.66,-62,0
2751,4.26,-71,0
2752,4.96,-60,0
2753,3.04,-92,1
2754,4.59,-93,1
2755,3.31,-90,1
2756,4.81,-68,0
2757,4.2,-53,0
2758,4.71,-63,0
2759,3.14,-62,0
2760,3.96,-58,0
2761,3.19,-67,0
2762,3.94,-72,0
2763,4.02,-67,0
2764,3.47,-80,0
2765,3.68,-59,0
2766,4.19,-66,0
2767,3.5,-76,0
2768,3.53,-73,0
2769,4.97,-71,0
2770,3.98,-69,0
2771,3.25,-56,0
2772,1.69,-65,1
2773,3.38,-64,0
2774,4.56,-64,0
2775,4.3,-69,0
2776,3.71,-65,0
2777,3.09,-62,0
2778,3.28,-79,0
2779,4.51,-80,0
2780,4.32,-62,0
2781,3.83,-73,0
2782,3.62,-78,0
2783,3.05,-68,0
2784,4.73,-56,0
2785,3.75,-76,0
2786,3.29,-52,0
2787,4.68,-58,0
2788,3.7,-65,0
2789,4.82,-51,0
2790,3.59,-71,0
2791,3.1,-60,0
2792,4.84,-61,0
2793,4.3,-77,0
2794,4.01,-90,1
2795,0.28,-70,1
2796,3.15,-94,1
2797,3.44,-67,0
2798,3.18,-78,0
2799,3.02,-55,0
2800,3.83,-67,0
2801,3.25,-69,0
2802,4.87,-57,0
2803,3.69,-67,0
2804,4.25,-58,0
2805,3.1,-79,0
2806,4.05,-78,0
2807,4.76,-56,0
2808,4.5,-64,0
2809,3.49,-57,0
2810,1.43,-57,1
2811,3.46,-66,0
2812,4.73,-64,0
2813,3.94,-72,0
2814,4.23,-60,0
2815,4.32,-61,0
2816,4.68,-67,0
2817,4.16,-58,0
2818,3.6,-60,0
2819,4.7,-69,0
2820,4.47,-51,0
2821,4.8,-51,0
2822,3.68,-51,0
2823,4.6,-62,0
2824,4.94,-61,0
2825,4.91,-54,0
2826,4.71,-53,0
2827,3.5,-65,0
2828,3.95,-60,0
2829,4.79,-53,0
2830,3.93,-65,0
2831,3.54,-54,0
2832,4.08,-62,0
2833,3.45,-67,0
2834,3.88,-66,0
2835,3.41,-50,0
2836,4.89,-78,0
2837,4.56,-65,0
2838,3.54,-56,0
2839,3.66,-59,0
2840,3.48,-65,0
2841,3.63,-56,0
2842,2.2,-59,1
2843,0.21,-77,1
2844,4.22,-64,0
2845,3.91,-57,0
2846,3.13,-63,0
2847,3.69,-79,0
2848,4.2,-63,0
2849,4.18,-59,0
2850,4.82,-79,0
2851,4.44,-64,0
2852,3.2,-51,0
2853,3.36,-74,0
2854,3.45,-59,0
2855,4.57,-50,0
2856,3.37,-73,0
2857,3.24,-59,0
2858,3.1,-56,0
2859,1.77,-68,1
2860,3.06,-64,0
2861,3.08,-53,0
2862,4.17,-62,0
2863,4.17,-70,0
2864,4.09,-80,0
2865,4.84,-79,0
2866,3.76,-64,0
2867,4.42,-51,0
2868,2.14,-55,1
2869,4.01,-64,0
2870,3.54,-59,0
2871,3.77,-58,0
2872,4.95,-75,0
2873,3.66,-55,0
2874,3.43,-56,0
2875,3.39,-70,0
2876,4.39,-59,0
2877,4.49,-59,0
2878,4.02,-78,0
2879,3.8,-62,0
2880,4.35,-73,0
2881,4.03,-79,0
2882,4.5,-61,0
2883,3.66,-52,0
2884,3.92,-75,0
2885,4.52,-79,0
2886,3.73,-73,0
2887,4.0,-65,0
2888,4.94,-59,0
2889,4.72,-50,0
2890,4.06,-79,0
2891,4.05,-59,0
2892,4.48,-56,0
2893,3.51,-79,0
2894,3.8,-59,0
2895,3.22,-54,0
2896,0.48,-52,1
2897,3.79,-66,0
2898,1.1,-64,1
2899,3.29,-93,1
2900,3.44,-71,0
2901,4.25,-58,0
2902,4.01,-60,0
2903,4.21,-57,0
2904,3.85,-60,0
2905,3.03,-72,0
2906,3.96,-76,0
2907,4.19,-76,0
2908,4.77,-74,0
2909,4.31,-65,0
2910,4.76,-66,0
2911,3.56,-80,0
2912,3.66,-77,0
2913,3.11,-77,0
2914,0.11,-63,1
2915,3.07,-77,0
2916,4.31,-69,0
2917,3.69,-53,0
2918,3.49,-52,0
2919,3.94,-96,1
2920,3.1,-90,1
2921,4.99,-74,0
2922,4.46,-71,0
2923,3.76,-66,0
2924,4.78,-71,0
2925,4.81,-80,0
2926,3.33,-69,0
2927,3.94,-54,0
2928,4.96,-70,0
2929,3.25,-69,0
2930,3.2,-56,0
2931,0.16,-52,1
2932,3.93,-79,0
2933,3.4,-58,0
2934,4.3,-57,0
2935,3.7,-73,0
2936,3.42,-67,0
2937,4.0,-51,0
2938,4.61,-58,0
2939,3.25,-78,0
2940,3.1,-65,0
2941,3.19,-70,0
2942,3.35,-70,0
2943,4.06,-61,0
2944,3.74,-57,0
2945,3.78,-57,0
2946,3.4,-75,0
2947,4.03,-92,1
2948,3.01,-71,0
2949,4.88,-52,0
2950,4.2,-71,0
2951,4.92,-100,1
2952,4.52,-95,1
2953,4.2,-57,0
2954,4.83,-62,0
2955,4.48,-60,0
2956,3.43,-51,0
2957,4.16,-70,0
2958,3.07,-100,1
2959,4.01,-58,0
2960,3.69,-53,0
2961,4.16,-53,0
2962,3.25,-79,0
2963,4.58,-76,0
2964,4.98,-73,0
2965,3.39,-74,0
2966,4.3,-58,0
2967,3.85,-71,0
2968,4.76,-78,0
2969,3.59,-71,0
2970,3.93,-71,0
2971,4.66,-73,0
2972,4.77,-75,0
2973,4.79,-60,0
2974,4.29,-62,0
2975,4.58,-80,0
2976,3.56,-67,0
2977,3.96,-58,0
2978,4.28,-73,0
2979,3.11,-67,0
2980,4.52,-70,0
2981,3.73,-57,0
2982,4.8,-57,0
2983,1.68,-59,1
2984,4.99,-59,0
2985,3.39,-72,0
2986,4.14,-97,1
2987,4.8,-54,0
2988,3.5,-64,0
2989,4.05,-77,0
2990,3.48,-98,1
2991,4.82,-78,0
2992,3.14,-75,0
2993,3.17,-59,0
2994,4.53,-50,0
2995,3.45,-53,0
2996,3.27,-80,0
2997,3.77,-72,0
2998,4.97,-56,0
2999,3.73,-69,0
3000,3.62,-75,0
3001,3.08,-77,0
3002,3.86,-74,0
3003,4.38,-61,0
3004,4.61,-78,0
3005,3.47,-75,0
3006,3.11,-60,0
3007,4.81,-71,0
3008,0.85,-55,1
3009,3.72,-70,0
3010,4.5,-66,0
3011,3.42,-69,0
3012,4.89,-55,0
3013,3.8,-91,1
3014,4.66,-80,0
3015,4.12,-71,0
3016,3.09,-75,0
3017,4.93,-75,0
3018,3.45,-54,0
3019,3.59,-54,0
3020,4.18,-74,0
3021,3.59,-73,0
3022,4.92,-68,0
3023,3.09,-77,0
3024,3.36,-79,0
3025,4.4,-50,0
3026,3.16,-59,0
3027,3.08,-64,0
3028,4.94,-70,0
3029,3.5,-79,0
3030,4.51,-59,0
3031,4.33,-69,0
3032,1.23,-62,1
3033,3.61,-76,0
3034,3.23,-62,0
3035,4.81,-58,0
3036,4.69,-78,0
3037,3.2,-55,0
3038,4.56,-69,0
3039,4.69,-70,0
3040,4.01,-53,0
3041,3.44,-74,0
3042,4.58,-79,0
3043,4.74,-68,0
3044,3.79,-77,0
3045,4.75,-66,0
3046,4.8,-51,0
3047,3.28,-62,0
3048,4.71,-66,0
3049,4.3,-77,0
3050,3.11,-53,0
3051,3.58,-66,0
3052,3.61,-70,0
3053,4.43,-55,0
3054,4.8,-62,0
3055,4.16,-67,0
3056,4.64,-99,1
3057,3.98,-61,0
3058,4.05,-52,0
3059,4.67,-52,0
3060,3.53,-77,0
3061,3.96,-55,0
3062,3.67,-72,0
3063,3.59,-70,0
3064,3.28,-97,1
3065,4.23,-60,0
3066,4.21,-73,0
3067,4.01,-50,0
3068,4.87,-96,1
3069,4.96,-56,0
3070,4.41,-63,0
3071,4.61,-70,0
3072,3.39,-93,1
3073,3.29,-72,0
3074,3.05,-55,0
3075,4.15,-75,0
3076,4.16,-79,0
3077,4.55,-61,0
3078,3.77,-59,0
3079,4.47,-62,0
3080,2.03,-50,1
3081,3.97,-53,0
3082,4.96,-60,0
3083,4.41,-65,0
3084,3.16,-55,0
3085,4.39,-63,0
3086,4.0,-79,0
3087,3.7,-58,0
3088,0.0,-55,1
3089,4.04,-50,0
3090,4.29,-74,0
3091,4.49,-73,0
3092,3.03,-65,0
3093,3.94,-80,0
3094,3.96,-71,0
3095,3.95,-55,0
3096,4.97,-72,0
3097,4.24,-76,0
3098,3.03,-68,0
3099,3.35,-80,0
3100,4.82,-68,0
3101,4.52,-71,0
3102,1.64,-58,1
3103,1.97,-53,1
3104,3.54,-71,0
3105,3.5,-74,0
3106,3.51,-65,0
3107,4.88,-57,0
3108,1.06,-68,1
3109,4.84,-66,0
3110,4.35,-53,0
3111,4.81,-70,0
3112,4.49,-72,0
3113,4.8,-62,0
3114,3.05,-52,0
3115,3.45,-96,1
3116,4.64,-68,0
3117,3.1,-78,0
3118,3.83,-76,0
3119,3.25,-67,0
3120,4.8,-74,0
3121,4.7,-60,0
3122,3.95,-72,0
3123,4.39,-78,0
3124,4.09,-63,0
3125,4.86,-93,1
3126,3.33,-72,0
3127,3.91,-70,0
3128,3.46,-67,0
3129,3.68,-66,0
3130,4.46,-59,0
3131,4.86,-52,0
3132,4.79,-78,0
3133,3.84,-71,0
3134,3.46,-54,0
3135,3.72,-55,0
3136,4.89,-51,0
3137,0.63,-78,1
3138,4.37,-77,0
3139,4.65,-78,0
3140,3.23,-58,0
3141,3.37,-59,0
3142,4.17,-99,1
3143,3.1,-74,0
3144,4.83,-73,0
3145,3.69,-61,0
3146,4.78,-57,0
3147,4.43,-64,0
3148,3.45,-55,0
3149,4.31,-72,0
3150,3.07,-93,1
3151,4.19,-58,0
3152,4.67,-70,0
3153,4.29,-68,0
3154,4.58,-54,0
3155,3.51,-79,0
3156,4.06,-75,0
3157,3.89,-56,0
3158,4.4,-78,0
3159,4.2,-75,0
3160,3.17,-55,0
3161,4.32,-78,0
3162,3.48,-76,0
3163,2.82,-56,1
3164,4.84,-68,0
3165,4.67,-53,0
3166,3.82,-79,0
3167,3.84,-56,0
3168,4.06,-80,0
3169,3.29,-62,0
3170,3.36,-100,1
3171,3.21,-75,0
3172,4.2,-60,0
3173,3.01,-68,0
3174,3.13,-54,0
3175,1.7,-63,1
3176,3.43,-67,0
3177,3.23,-63,0
3178,4.04,-55,0
3179,1.39,-74,1
3180,4.66,-66,0
3181,4.07,-63,0
3182,4.16,-57,0
3183,4.38,-70,0
3184,4.38,-69,0
3185,3.7,-94,1
3186,4.81,-64,0
3187,3.75,-53,0
3188,4.9,-60,0
3189,4.26,-75,0
3190,3.57,-68,0
3191,4.37,-52,0
3192,4.53,-67,0
3193,3.16,-59,0
3194,3.4,-73,0
3195,3.83,-69,0
3196,4.36,-60,0
3197,4.36,-55,0
3198,3.92,-62,0
3199,3.67,-77,0
3200,4.79,-59,0
3201,4.07,-63,0
3202,4.26,-56,0
3203,4.96,-56,0
3204,3.64,-69,0
3205,2.1,-73,1
3206,4.58,-68,0
3207,4.14,-53,0
3208,4.34,-73,0
3209,4.68,-64,0
3210,3.18,-80,0
3211,4.24,-70,0
3212,4.62,-69,0
3213,4.58,-71,0
3214,4.0,-63,0
3215,3.2,-79,0
3216,4.11,-79,0
3217,3.87,-63,0
3218,4.19,-52,0
3219,4.95,-79,0
3220,4.07,-70,0
3221,4.45,-75,0
3222,4.24,-62,0
3223,4.57,-78,0
3224,3.95,-71,0
3225,3.81,-60,0
3226,4.24,-50,0
3227,3.74,-74,0
3228,4.0,-54,0
3229,4.06,-51,0
3230,3.76,-70,0
3231,3.53,-78,0
3232,3.46,-80,0
3233,3.86,-53,0
3234,3.55,-61,0
3235,3.6,-99,1
3236,3.14,-52,0
3237,4.17,-73,0
3238,3.82,-67,0
3239,4.46,-66,0
3240,3.43,-63,0
3241,4.37,-56,0
3242,3.26,-57,0
3243,4.07,-59,0
3244,3.49,-73,0
3245,4.75,-75,0
3246,3.87,-91,1
3247,4.15,-57,0
3248,4.15,-63,0
3249,4.34,-50,0
3250,3.6,-73,0
3251,3.26,-62,0
3252,4.77,-64,0
3253,3.55,-70,0
3254,3.86,-60,0
3255,3.08,-54,0
3256,4.13,-74,0
3257,4.21,-80,0
3258,3.34,-75,0
3259,4.8,-68,0
3260,3.21,-65,0
3261,4.76,-61,0
3262,4.33,-54,0
3263,4.51,-66,0
3264,3.44,-72,0
3265,4.86,-77,0
3266,4.82,-58,0
3267,4.12,-52,0
3268,4.63,-76,0
3269,3.21,-52,0
3270,3.06,-73,0
3271,3.35,-57,0
3272,4.82,-96,1
3273,3.51,-59,0
3274,3.29,-69,0
3275,4.97,-95,1
3276,4.37,-50,0
3277,3.7,-79,0
3278,3.38,-75,0
3279,1.92,-61,1
3280,3.35,-70,0
3281,4.24,-69,0
3282,4.62,-93,1
3283,4.19,-57,0
3284,3.35,-52,0
3285,3.01,-80,0
3286,3.45,-80,0
3287,4.5,-54,0
3288,4.09,-75,0
3289,4.75,-50,0
3290,3.45,-75,0
3291,4.21,-65,0
3292,3.26,-58,0
3293,4.16,-77,0
3294,3.91,-51,0
3295,3.76,-53,0
3296,4.43,-96,1
3297,4.88,-57,0
3298,4.02,-64,0
3299,3.46,-77,0
3300,3.8,-68,0
3301,4.23,-65,0
3302,3.35,-52,0
3303,3.54,-71,0
3304,4.11,-80,0
3305,3.4,-63,0
3306,3.08,-57,0
3307,3.1,-66,0
3308,3.45,-98,1
3309,4.16,-57,0
3310,0.24,-73,1
3311,3.88,-77,0
3312,3.84,-75,0
3313,3.53,-61,0
3314,4.44,-53,0
3315,4.83,-73,0
3316,3.25,-59,0
3317,3.02,-76,0
3318,4.63,-62,0
3319,3.01,-54,0
3320,4.69,-50,0
3321,3.61,-66,0
3322,2.65,-78,1
3323,3.44,-64,0
3324,3.67,-80,0
3325,4.08,-52,0
3326,4.73,-52,0
3327,3.7,-73,0
3328,4.57,-60,0
3329,4.42,-52,0
3330,0.81,-69,1
3331,1.82,-72,1
3332,4.5,-61,0
3333,4.19,-52,0
3334,3.78,-77,0
3335,3.02,-72,0
3336,3.62,-53,0
3337,3.71,-75,0
3338,4.58,-70,0
3339,3.76,-73,0
3340,4.91,-56,0
3341,4.24,-70,0
3342,3.59,-64,0
3343,3.93,-71,0
3344,4.01,-76,0
3345,4.51,-54,0
3346,3.85,-74,0
3347,3.45,-50,0
3348,4.18,-56,0
3349,2.52,-59,1
3350,2.31,-62,1
3351,2.54,-65,1
3352,4.63,-78,0
3353,3.92,-54,0
3354,3.92,-74,0
3355,3.74,-64,0
3356,3.83,-73,0
3357,4.11,-63,0
3358,4.23,-96,1
3359,4.76,-62,0
3360,4.38,-74,0
3361,3.64,-59,0
3362,3.81,-76,0
3363,4.86,-96,1
3364,3.34,-53,0
3365,3.68,-57,0
3366,3.0,-53,0
3367,4.55,-52,0
3368,3.75,-97,1
3369,4.47,-63,0
3370,3.89,-52,0
3371,3.02,-73,0
3372,3.15,-67,0
3373,3.38,-61,0
3374,4.9,-53,0
3375,3.59,-78,0
3376,1.95,-56,1
3377,3.12,-56,0
3378,3.94,-74,0
3379,4.77,-76,0
3380,4.9,-53,0
3381,3.72,-63,0
3382,3.89,-72,0
3383,4.32,-66,0
3384,4.83,-64,0
3385,3.22,-52,0
3386,4.65,-56,0
3387,3.64,-78,0
3388,4.19,-52,0
3389,3.32,-67,0
3390,4.56,-66,0
3391,3.37,-51,0
3392,3.27,-77,0
3393,3.65,-69,0
3394,3.55,-59,0
3395,4.12,-61,0
3396,3.4,-76,0
3397,0.43,-70,1
3398,3.76,-53,0
3399,4.73,-57,0
3400,4.4,-56,0
3401,4.02,-65,0
3402,4.69,-73,0
3403,4.72,-56,0
3404,4.16,-59,0
3405,4.98,-74,0
3406,3.22,-74,0
3407,4.82,-76,0
3408,3.13,-58,0
3409,3.72,-72,0
3410,3.03,-77,0
3411,4.31,-54,0
3412,3.73,-75,0
3413,4.45,-100,1
3414,4.53,-58,0
3415,4.32,-71,0
3416,4.59,-58,0
3417,4.6,-55,0
3418,3.27,-59,0
3419,4.47,-54,0
3420,4.9,-63,0
3421,3.57,-76,0
3422,3.06,-59,0
3423,1.31,-79,1
3424,3.62,-63,0
3425,0.48,-72,1
3426,0.58,-65,1
3427,3.44,-59,0
3428,4.79,-91,1
3429,3.62,-55,0
3430,3.99,-61,0
3431,0.34,-73,1
3432,4.86,-66,0
3433,3.47,-68,0
3434,3.42,-70,0
3435,3.63,-62,0
3436,3.54,-57,0
3437,4.52,-94,1
3438,4.42,-76,0
3439,4.5,-76,0
3440,3.5,-60,0
3441,4.33,-71,0
3442,4.47,-92,1
3443,3.26,-56,0
3444,4.44,-63,0
3445,3.72,-77,0
3446,3.8,-65,0
3447,3.95,-58,0
3448,3.74,-57,0
3449,3.09,-55,0
3450,3.26,-77,0
3451,4.46,-59,0
3452,3.96,-73,0
3453,1.61,-52,1
3454,4.3,-74,0
3455,4.2,-73,0
3456,4.23,-63,0
3457,4.22,-67,0
3458,4.9,-65,0
3459,3.7,-57,0
3460,4.29,-62,0
3461,4.13,-60,0
3462,4.21,-58,0
3463,3.03,-71,0
3464,3.42,-68,0
3465,4.48,-56,0
3466,3.03,-56,0
3467,3.52,-73,0
3468,3.87,-98,1
3469,3.83,-58,0
3470,3.55,-62,0
3471,5.0,-56,0
3472,3.48,-65,0
3473,4.29,-53,0
3474,3.03,-76,0
3475,3.84,-74,0
3476,4.57,-78,0
3477,3.88,-78,0
3478,4.88,-59,0
3479,4.04,-77,0
3480,3.47,-59,0
3481,4.31,-69,0
3482,3.24,-92,1
3483,3.41,-59,0
3484,3.62,-73,0
3485,0.59,-79,1
3486,4.75,-72,0
3487,4.5,-63,0
3488,4.54,-62,0
3489,4.35,-76,0
3490,3.33,-75,0
3491,3.21,-63,0
3492,3.45,-64,0
3493,4.64,-77,0
3494,4.44,-75,0
3495,4.04,-62,0
3496,4.29,-61,0
3497,4.56,-75,0
3498,3.09,-59,0
3499,4.06,-54,0
3500,4.6,-79,0
3501,3.47,-62,0
3502,4.7,-63,0
3503,4.47,-66,0
3504,3.39,-70,0
3505,3.02,-79,0
3506,4.37,-50,0
3507,3.39,-62,0
3508,3.49,-54,0
3509,3.56,-57,0
3510,4.12,-63,0
3511,2.39,-52,1
3512,3.05,-61,0
3513,4.72,-50,0
3514,3.17,-57,0
3515,4.28,-50,0
3516,4.44,-59,0
3517,4.65,-51,0
3518,3.87,-78,0
3519,3.09,-95,1
3520,3.65,-58,0
3521,3.87,-96,1
3522,3.83,-64,0
3523,4.62,-80,0
3524,3.26,-71,0
3525,3.99,-60,0
3526,4.68,-66,0
3527,3.17,-58,0
3528,4.41,-74,0
3529,3.73,-61,0
3530,4.29,-55,0
3531,4.14,-77,0
3532,3.59,-73,0
3533,4.51,-74,0
3534,4.29,-69,0
3535,4.87,-53,0
3536,4.25,-67,0
3537,4.65,-59,0
3538,4.29,-66,0
3539,4.1,-61,0
3540,4.74,-69,0
3541,4.28,-52,0
3542,3.72,-60,0
3543,3.92,-57,0
3544,3.18,-61,0
3545,4.12,-68,0
3546,3.63,-91,1
3547,3.69,-58,0
3548,3.66,-71,0
3549,3.33,-68,0
3550,4.56,-70,0
3551,4.39,-63,0
3552,3.29,-71,0
3553,3.01,-78,0
3554,3.05,-52,0
3555,3.97,-65,0
3556,4.36,-60,0
3557,3.61,-55,0
3558,3.82,-53,0
3559,3.53,-64,0
3560,4.16,-51,0
3561,4.98,-76,0
3562,2.47,-67,1
3563,3.67,-63,0
3564,3.11,-72,0
3565,4.63,-56,0
3566,4.82,-58,0
3567,3.69,-53,0
3568,4.17,-67,0
3569,4.73,-70,0
3570,3.19,-61,0
3571,3.05,-54,0
3572,4.69,-55,0
3573,4.02,-77,0
3574,4.43,-78,0
3575,3.6,-78,0
3576,3.12,-56,0
3577,4.96,-58,0
3578,4.36,-76,0
3579,3.76,-64,0
3580,4.6,-50,0
3581,3.04,-71,0
3582,3.65,-70,0
3583,3.33,-53,0
3584,4.68,-63,0
3585,3.44,-62,0
3586,4.56,-77,0
3587,3.78,-65,0
3588,4.6,-77,0
3589,3.61,-56,0
3590,3.99,-75,0
3591,4.1,-60,0
3592,4.36,-65,0
3593,4.99,-72,0
3594,3.32,-93,1
3595,4.81,-51,0
3596,3.57,-80,0
3597,3.24,-78,0
3598,4.03,-77,0
3599,4.5,-74,0
3600,4.0,-58,0
3601,3.99,-59,0
3602,3.04,-69,0
3603,4.18,-74,0
3604,4.91,-56,0
3605,3.21,-62,0
3606,3.02,-80,0
3607,3.99,-62,0
3608,4.3,-60,0
3609,4.61,-66,0
3610,3.99,-52,0
3611,4.49,-66,0
3612,3.03,-56,0
3613,4.05,-64,0
3614,4.41,-77,0
3615,4.14,-74,0
3616,4.06,-51,0
3617,4.1,-68,0
3618,4.0,-78,0
3619,4.83,-68,0
3620,3.1,-75,0
3621,4.1,-56,0
3622,3.57,-60,0
3623,3.26,-54,0
3624,3.81,-51,0
3625,4.26,-80,0
3626,4.39,-73,0
3627,4.02,-66,0
3628,3.75,-64,0
3629,4.79,-75,0
3630,4.79,-72,0
3631,4.85,-65,0
3632,3.86,-52,0
3633,4.8,-79,0
3634,3.93,-65,0
3635,4.52,-73,0
3636,4.06,-65,0
3637,3.97,-51,0
3638,3.35,-54,0
3639,4.91,-57,0
3640,3.28,-61,0
3641,4.62,-61,0
3642,3.31,-67,0
3643,3.11,-91,1
3644,3.47,-79,0
3645,4.45,-57,0
3646,3.8,-75,0
3647,3.79,-93,1
3648,4.19,-59,0
3649,3.47,-61,0
3650,3.5,-65,0
3651,3.51,-56,0
3652,3.79,-56,0
3653,3.95,-74,0
3654,0.27,-60,1
3655,4.64,-52,0
3656,3.79,-94,1
3657,3.43,-63,0
3658,4.12,-51,0
3659,3.55,-50,0
3660,3.63,-71,0
3661,3.54,-73,0
3662,4.25,-59,0
3663,3.01,-53,0
3664,4.49,-53,0
3665,4.79,-55,0
3666,3.8,-74,0
3667,3.06,-68,0
3668,3.32,-52,0
3669,2.25,-50,1
3670,3.4,-76,0
3671,3.41,-68,0
3672,4.7,-74,0
3673,4.17,-65,0
3674,4.05,-50,0
3675,4.6,-61,0
3676,4.47,-69,0
3677,4.16,-74,0
3678,3.94,-51,0
3679,4.19,-67,0
3680,4.38,-64,0
3681,4.09,-56,0
3682,2.84,-77,1
3683,2.17,-50,1
3684,3.78,-72,0
3685,3.57,-63,0
3686,3.15,-60,0
3687,3.86,-75,0
3688,4.73,-56,0
3689,4.95,-79,0
3690,4.7,-69,0
3691,4.42,-74,0
3692,3.2,-66,0
3693,3.49,-70,0
3694,3.27,-75,0
3695,3.81,-51,0
3696,4.08,-75,0
3697,3.97,-71,0
3698,4.3,-75,0
3699,3.69,-64,0
3700,3.01,-92,1
3701,4.42,-77,0
3702,3.48,-64,0
3703,4.25,-54,0
3704,3.8,-98,1
3705,3.7,-70,0
3706,0.33,-54,1
3707,3.08,-54,0
3708,3.36,-74,0
3709,3.35,-52,0
3710,4.83,-60,0
3711,4.21,-75,0
3712,4.53,-71,0
3713,4.4,-68,0
3714,4.27,-67,0
3715,4.66,-79,0
3716,3.42,-64,0
3717,4.38,-80,0
3718,4.89,-51,0
3719,4.03,-78,0
3720,3.71,-54,0
3721,3.32,-51,0
3722,4.29,-73,0
3723,3.77,-50,0
3724,4.17,-62,0
3725,3.43,-66,0
3726,4.93,-79,0
3727,3.48,-71,0
3728,4.59,-67,0
3729,3.79,-60,0
3730,3.01,-92,1
3731,4.22,-50,0
3732,3.55,-78,0
3733,3.43,-55,0
3734,4.69,-51,0
3735,3.13,-52,0
3736,4.91,-71,0
3737,4.86,-52,0
3738,4.47,-69,0
3739,3.8,-68,0
3740,4.84,-77,0
3741,3.08,-50,0
3742,4.48,-56,0
3743,3.32,-53,0
3744,3.53,-93,1
3745,3.67,-73,0
3746,3.07,-55,0
3747,4.3,-75,0
3748,3.5,-61,0
3749,3.43,-64,0
3750,4.36,-79,0
3751,4.98,-53,0
3752,3.26,-71,0
3753,4.21,-57,0
3754,4.64,-63,0
3755,4.82,-69,0
3756,3.36,-53,0
3757,3.82,-71,0
3758,3.56,-71,0
3759,3.68,-75,0
3760,4.83,-56,0
3761,4.48,-51,0
3762,4.59,-54,0
3763,3.64,-57,0
3764,3.13,-65,0
3765,4.79,-74,0
3766,4.69,-68,0
3767,3.36,-71,0
3768,4.93,-58,0
3769,3.17,-59,0
3770,4.77,-75,0
3771,3.19,-54,0
3772,4.31,-61,0
3773,3.04,-55,0
3774,4.92,-57,0
3775,4.04,-63,0
3776,4.14,-74,0
3777,4.54,-64,0
3778,4.75,-55,0
3779,3.68,-68,0
3780,3.15,-80,0
3781,0.53,-75,1
3782,3.32,-61,0
3783,3.18,-76,0
3784,3.94,-70,0
3785,4.16,-58,0
3786,3.28,-51,0
3787,3.86,-56,0
3788,3.92,-64,0
3789,4.16,-55,0
3790,4.66,-66,0
3791,3.36,-72,0
3792,3.88,-65,0
3793,3.35,-51,0
3794,4.68,-68,0
3795,4.8,-73,0
3796,4.82,-92,1
3797,3.65,-57,0
3798,3.45,-73,0
3799,4.05,-67,0
3800,3.98,-58,0
3801,3.72,-79,0
3802,3.01,-66,0
3803,4.52,-51,0
3804,3.74,-72,0
3805,4.67,-50,0
3806,3.48,-59,0
3807,3.87,-73,0
3808,3.04,-79,0
3809,4.6,-56,0
3810,3.41,-55,0
3811,3.92,-55,0
3812,3.21,-73,0
3813,4.13,-77,0
3814,3.34,-57,0
3815,3.72,-69,0
3816,3.73,-73,0
3817,4.41,-68,0
3818,3.54,-73,0
3819,4.96,-67,0
3820,4.26,-54,0
3821,3.9,-54,0
3822,3.09,-63,0
3823,4.2,-91,1
3824,3.51,-76,0
3825,4.25,-72,0
3826,3.4,-56,0
3827,3.27,-77,0
3828,3.78,-59,0
3829,3.8,-66,0
3830,4.89,-77,0
3831,4.33,-77,0
3832,4.87,-59,0
3833,3.37,-72,0
3834,4.56,-64,0
3835,4.52,-55,0
3836,3.68,-56,0
3837,4.89,-57,0
3838,3.52,-69,0
3839,3.35,-57,0
3840,3.24,-55,0
3841,3.46,-55,0
3842,4.91,-60,0
3843,3.63,-57,0
3844,3.79,-55,0
3845,1.05,-60,1
3846,3.4,-61,0
3847,4.01,-74,0
3848,3.64,-51,0
3849,3.71,-55,0
3850,3.72,-63,0
3851,3.19,-79,0
3852,4.89,-74,0
3853,3.69,-69,0
3854,4.96,-57,0
3855,4.74,-57,0
3856,3.6,-77,0
3857,3.42,-79,0
3858,4.33,-75,0
3859,3.13,-55,0
3860,3.03,-63,0
3861,3.43,-80,0
3862,0.26,-65,1
3863,3.25,-90,1
3864,4.05,-75,0
3865,3.0,-65,0
3866,4.95,-77,0
3867,4.3,-75,0
3868,4.99,-61,0
3869,4.87,-66,0
3870,3.0,-58,0
3871,1.48,-61,1
3872,3.14,-75,0
3873,4.4,-68,0
3874,4.99,-76,0
3875,1.89,-67,1
3876,3.23,-56,0
3877,4.73,-72,0
3878,3.05,-57,0
3879,4.36,-69,0
3880,3.73,-100,1
3881,3.49,-53,0
3882,4.72,-70,0
3883,4.22,-70,0
3884,2.41,-78,1
3885,4.85,-77,0
3886,3.74,-74,0
3887,4.66,-74,0
3888,4.87,-67,0
3889,4.98,-75,0
3890,4.19,-70,0
3891,3.05,-72,0
3892,3.45,-91,1
3893,1.23,-59,1
3894,3.72,-56,0
3895,3.7,-59,0
3896,3.91,-50,0
3897,4.92,-50,0
3898,4.99,-65,0
3899,3.46,-55,0
3900,3.59,-68,0
3901,3.91,-62,0
3902,2.94,-56,1
3903,3.11,-76,0
3904,3.78,-58,0
3905,3.88,-76,0
3906,4.57,-52,0
3907,4.58,-54,0
3908,4.3,-58,0
3909,4.2,-50,0
3910,3.08,-66,0
3911,3.43,-66,0
3912,3.74,-63,0
3913,4.67,-71,0
3914,3.53,-73,0
3915,3.22,-68,0
3916,2.55,-73,1
3917,4.03,-67,0
3918,3.27,-54,0
3919,4.25,-66,0
3920,3.95,-57,0
3921,4.74,-58,0
3922,3.73,-60,0
3923,4.64,-52,0
3924,4.55,-77,0
3925,4.2,-72,0
3926,3.95,-79,0
3927,4.31,-92,1
3928,4.36,-56,0
3929,4.88,-53,0
3930,3.17,-75,0
3931,3.28,-56,0
3932,3.93,-62,0
3933,4.26,-59,0
3934,3.8,-80,0
3935,4.3,-77,0
3936,3.73,-80,0
3937,4.14,-55,0
3938,4.07,-66,0
3939,4.19,-69,0
3940,4.8,-52,0
3941,3.7,-77,0
3942,4.82,-66,0
3943,3.34,-70,0
3944,3.82,-59,0
3945,4.49,-55,0
3946,3.48,-56,0
3947,4.12,-65,0
3948,3.27,-94,1
3949,4.12,-72,0
3950,4.85,-71,0
3951,3.05,-62,0
3952,3.42,-52,0
3953,4.01,-60,0
3954,3.04,-64,0
3955,4.42,-62,0
3956,4.8,-59,0
3957,3.03,-53,0
3958,4.02,-77,0
3959,4.41,-55,0
3960,3.69,-72,0
3961,4.61,-65,0
3962,4.85,-70,0
3963,4.36,-64,0
3964,3.32,-94,1
3965,4.81,-60,0
3966,3.15,-62,0
3967,3.66,-62,0
3968,4.05,-57,0
3969,4.87,-66,0
3970,3.91,-65,0
3971,4.27,-64,0
3972,3.63,-75,0
3973,3.42,-62,0
3974,4.92,-53,0
3975,3.32,-78,0
3976,4.55,-57,0
3977,3.92,-53,0
3978,3.05,-67,0
3979,3.38,-80,0
3980,3.55,-62,0
3981,4.85,-52,0
3982,3.51,-72,0
3983,3.35,-50,0
3984,4.18,-61,0
3985,4.13,-62,0
3986,3.86,-74,0
3987,3.06,-63,0
3988,3.06,-67,0
3989,4.64,-50,0
3990,4.72,-69,0
3991,3.55,-90,1
3992,4.68,-66,0
3993,4.2,-51,0
3994,3.71,-63,0
3995,3.79,-69,0
3996,3.76,-61,0
3997,4.1,-80,0
3998,4.91,-77,0
3999,3.6,-80,0
4000,4.95,-54,0
4001,0.88,-57,1
4002,4.37,-62,0
4003,4.33,-79,0
4004,3.99,-75,0
4005,3.53,-61,0
4006,3.18,-50,0
4007,4.9,-56,0
4008,4.71,-67,0
4009,3.1,-57,0
4010,4.89,-74,0
4011,3.67,-62,0
4012,4.53,-71,0
4013,4.32,-58,0
4014,3.56,-80,0
4015,3.43,-52,0
4016,4.54,-78,0
4017,4.02,-80,0
4018,4.42,-76,0
4019,4.23,-66,0
4020,3.72,-50,0
4021,3.26,-61,0
4022,3.94,-59,0
4023,4.5,-66,0
4024,4.5,-59,0
4025,3.69,-61,0
4026,4.56,-59,0
4027,3.19,-50,0
4028,3.46,-61,0
4029,4.84,-50,0
4030,3.61,-59,0
4031,4.68,-73,0
4032,4.82,-64,0
4033,4.27,-54,0
4034,3.35,-52,0
4035,4.73,-98,1
4036,3.78,-53,0
4037,3.46,-75,0
4038,3.45,-70,0
4039,3.43,-70,0
4040,0.3,-74,1
4041,4.85,-62,0
4042,4.72,-78,0
4043,4.33,-97,1
4044,4.41,-76,0
4045,4.47,-100,1
4046,4.07,-75,0
4047,3.11,-64,0
4048,3.15,-72,0
4049,3.74,-59,0
4050,3.85,-93,1
4051,3.33,-72,0
4052,4.25,-61,0
4053,3.38,-69,0
4054,4.91,-58,0
4055,3.67,-58,0
4056,0.39,-76,1
4057,4.4,-80,0
4058,4.91,-70,0
4059,2.38,-74,1
4060,3.04,-60,0
4061,4.92,-50,0
4062,4.87,-71,0
4063,4.18,-74,0
4064,3.51,-55,0
4065,3.81,-60,0
4066,3.36,-69,0
4067,3.3,-94,1
4068,4.29,-51,0
4069,4.22,-62,0
4070,3.56,-53,0
4071,3.22,-60,0
4072,1.91,-51,1
4073,4.64,-92,1
4074,3.93,-74,0
4075,3.33,-50,0
4076,4.02,-64,0
4077,3.28,-54,0
4078,3.8,-63,0
4079,4.33,-52,0
4080,3.76,-66,0
4081,4.65,-67,0
4082,3.33,-80,0
4083,4.97,-56,0
4084,3.81,-51,0
4085,4.21,-55,0
4086,4.67,-76,0
4087,3.0,-69,0
4088,3.34,-58,0
4089,3.51,-50,0
4090,4.68,-59,0
4091,4.19,-75,0
4092,3.39,-68,0
4093,3.45,-50,0
4094,3.45,-71,0
4095,4.49,-59,0
4096,3.1,-52,0
4097,4.29,-75,0
4098,2.71,-73,1
4099,3.04,-80,0
4100,3.73,-53,0
4101,4.47,-61,0
4102,4.43,-77,0
4103,4.91,-50,0
4104,3.67,-55,0
4105,4.88,-67,0
4106,3.88,-52,0
4107,4.32,-65,0
4108,4.53,-60,0
4109,4.11,-52,0
4110,3.31,-65,0
4111,3.83,-77,0
4112,4.21,-61,0
4113,3.94,-65,0
4114,3.52,-63,0
4115,4.42,-71,0
4116,4.49,-71,0
4117,3.52,-53,0
4118,4.1,-77,0
4119,3.44,-90,1
4120,4.86,-68,0
4121,3.73,-54,0
4122,3.83,-78,0
4123,4.71,-70,0
4124,4.83,-67,0
4125,2.35,-76,1
4126,1.7,-63,1
4127,3.54,-52,0
4128,4.39,-54,0
4129,3.55,-58,0
4130,3.77,-63,0
4131,4.85,-70,0
4132,3.65,-76,0
4133,3.25,-55,0
4134,3.41,-71,0
4135,4.35,-66,0
4136,3.13,-72,0
4137,4.97,-59,0
4138,4.35,-72,0
4139,3.32,-52,0
4140,4.18,-78,0
4141,3.78,-50,0
4142,3.43,-61,0
4143,4.69,-59,0
4144,4.51,-72,0
4145,4.48,-91,1
4146,3.44,-54,0
4147,3.21,-78,0
4148,3.57,-70,0
4149,3.24,-72,0
4150,3.08,-61,0
4151,4.38,-66,0
4152,4.39,-71,0
4153,4.56,-67,0
4154,4.39,-50,0
4155,4.13,-61,0
4156,4.56,-64,0
4157,3.85,-76,0
4158,3.11,-58,0
4159,3.57,-79,0
4160,4.12,-79,0
4161,0.43,-65,1
4162,3.86,-66,0
4163,3.22,-60,0
4164,3.22,-67,0
4165,3.21,-57,0
4166,3.16,-72,0
4167,3.01,-53,0
4168,4.17,-58,0
4169,2.95,-59,1
4170,3.86,-55,0
4171,4.88,-70,0
4172,4.66,-78,0
4173,3.29,-79,0
4174,4.25,-63,0
4175,4.38,-70,0
4176,3.1,-60,0
4177,3.92,-58,0
4178,3.8,-76,0
4179,4.4,-75,0
4180,3.85,-78,0
4181,3.68,-96,1
4182,3.37,-68,0
4183,4.64,-58,0
4184,3.76,-59,0
4185,3.65,-73,0
4186,4.18,-57,0
4187,3.75,-92,1
4188,3.58,-61,0
4189,3.11,-63,0
4190,4.96,-74,0
4191,4.61,-76,0
4192,3.62,-59,0
4193,3.22,-61,0
4194,0.19,-57,1
4195,4.05,-52,0
4196,4.1,-73,0
4197,3.63,-55,0
4198,4.5,-72,0
4199,1.88,-62,1
4200,3.97,-56,0
4201,3.35,-74,0
4202,4.74,-76,0
4203,4.46,-66,0
4204,3.62,-70,0
4205,4.71,-75,0
4206,3.58,-55,0
4207,3.51,-51,0
4208,3.71,-53,0
4209,3.67,-69,0
4210,4.21,-69,0
4211,4.78,-74,0
4212,3.33,-76,0
4213,4.24,-65,0
4214,4.15,-52,0
4215,3.56,-58,0
4216,3.16,-100,1
4217,3.37,-52,0
4218,4.77,-74,0
4219,3.61,-55,0
4220,4.04,-76,0
4221,4.62,-50,0
4222,4.28,-92,1
4223,3.17,-75,0
4224,3.27,-67,0
4225,4.97,-62,0
4226,3.27,-74,0
4227,4.61,-60,0
4228,3.94,-100,1
4229,3.06,-70,0
4230,3.89,-51,0
4231,3.94,-63,0
4232,4.52,-69,0
4233,3.48,-73,0
4234,3.9,-69,0
4235,3.82,-57,0
4236,2.4,-71,1
4237,3.04,-75,0
4238,4.0,-70,0
4239,4.65,-79,0
4240,3.52,-55,0
4241,3.64,-75,0
4242,3.49,-78,0
4243,3.94,-55,0
4244,3.65,-64,0
4245,4.05,-56,0
4246,3.35,-58,0
4247,3.21,-68,0
4248,3.68,-57,0
4249,3.2,-52,0
4250,3.92,-58,0
4251,3.86,-72,0
4252,3.2,-75,0
4253,3.15,-59,0
4254,4.38,-65,0
4255,3.21,-76,0
4256,4.46,-56,0
4257,2.74,-65,1
4258,4.68,-76,0
4259,3.0,-77,0
4260,4.51,-55,0
4261,4.74,-77,0
4262,4.26,-65,0
4263,4.09,-55,0
4264,3.31,-53,0
4265,4.87,-52,0
4266,3.76,-67,0
4267,3.56,-64,0
4268,3.9,-61,0
4269,4.58,-50,0
4270,4.31,-51,0
4271,4.56,-74,0
4272,4.55,-50,0
4273,3.61,-65,0
4274,4.12,-64,0
4275,4.94,-72,0
4276,4.46,-67,0
4277,3.48,-80,0
4278,3.89,-96,1
4279,4.95,-66,0
4280,2.17,-76,1
4281,3.94,-61,0
4282,4.34,-61,0
4283,3.82,-61,0
4284,3.57,-57,0
4285,4.06,-64,0
4286,3.86,-52,0
4287,4.88,-73,0
4288,3.75,-71,0
4289,4.22,-51,0
4290,3.28,-67,0
4291,3.69,-59,0
4292,3.37,-59,0
4293,4.95,-73,0
4294,4.57,-61,0
4295,4.38,-65,0
4296,4.15,-78,0
4297,4.61,-66,0
4298,3.48,-51,0
4299,4.47,-62,0
4300,3.35,-51,0
4301,3.88,-69,0
4302,3.45,-61,0
4303,3.01,-55,0
4304,3.61,-64,0
4305,4.46,-59,0
4306,4.29,-57,0
4307,3.38,-50,0
4308,3.13,-63,0
4309,3.4,-76,0
4310,3.99,-70,0
4311,4.14,-52,0
4312,3.73,-67,0
4313,4.25,-62,0
4314,3.28,-80,0
4315,4.72,-77,0
4316,3.56,-61,0
4317,3.46,-64,0
4318,4.73,-75,0
4319,3.82,-62,0
4320,4.66,-59,0
4321,3.92,-61,0
4322,4.8,-71,0
4323,3.15,-79,0
4324,4.95,-65,0
4325,4.99,-73,0
4326,3.94,-50,0
4327,4.35,-69,0
4328,2.39,-67,1
4329,3.05,-59,0
4330,3.44,-57,0
4331,4.16,-55,0
4332,4.58,-53,0
4333,3.81,-63,0
4334,4.14,-94,1
4335,3.64,-72,0
4336,3.73,-56,0
4337,3.87,-72,0
4338,4.0,-54,0
4339,4.59,-77,0
4340,3.31,-50,0
4341,2.87,-58,1
4342,4.2,-66,0
4343,3.69,-56,0
4344,4.67,-77,0
4345,4.56,-58,0
4346,3.36,-66,0
4347,3.47,-79,0
4348,3.95,-58,0
4349,4.33,-50,0
4350,4.18,-58,0
4351,4.91,-80,0
4352,4.3,-73,0
4353,2.69,-71,1
4354,4.63,-94,1
4355,3.22,-60,0
4356,4.79,-76,0
4357,4.07,-72,0
4358,3.43,-68,0
4359,0.58,-50,1
4360,4.09,-67,0
4361,4.81,-59,0
4362,4.08,-57,0
4363,3.24,-58,0
4364,3.27,-54,0
4365,3.3,-68,0
4366,4.16,-68,0
4367,4.44,-76,0
4368,0.96,-97,1
4369,3.69,-56,0
4370,0.52,-75,1
4371,3.5,-57,0
4372,4.53,-58,0
4373,3.44,-58,0
4374,4.46,-73,0
4375,3.52,-79,0
4376,4.68,-68,0
4377,3.59,-60,0
4378,3.65,-65,0
4379,3.77,-57,0
4380,3.7,-72,0
4381,4.2,-67,0
4382,3.63,-64,0
4383,4.3,-69,0
4384,3.44,-53,0
4385,4.76,-55,0
4386,3.88,-79,0
4387,4.53,-71,0
4388,3.04,-92,1
4389,4.1,-50,0
4390,3.73,-53,0
4391,3.63,-58,0
4392,3.65,-67,0
4393,4.59,-52,0
4394,4.74,-65,0
4395,1.34,-67,1
4396,5.0,-54,0
4397,3.02,-93,1
4398,4.48,-78,0
4399,3.96,-53,0
4400,3.87,-60,0
4401,4.9,-75,0
4402,3.52,-54,0
4403,4.39,-64,0
4404,3.24,-50,0
4405,4.61,-67,0
4406,3.3,-53,0
4407,3.81,-71,0
4408,4.51,-67,0
4409,4.74,-66,0
4410,4.65,-93,1
4411,4.26,-59,0
4412,4.3,-64,0
4413,3.11,-64,0
4414,3.89,-53,0
4415,4.92,-79,0
4416,4.5,-51,0
4417,4.51,-56,0
4418,4.68,-53,0
4419,3.38,-58,0
4420,4.12,-74,0
4421,3.58,-70,0
4422,3.16,-53,0
4423,4.11,-68,0
4424,4.92,-63,0
4425,3.45,-53,0
4426,3.43,-76,0
4427,4.98,-75,0
4428,3.52,-74,0
4429,3.48,-63,0
4430,3.49,-74,0
4431,4.11,-60,0
4432,4.07,-97,1
4433,2.11,-69,1
4434,3.89,-51,0
4435,4.79,-80,0
4436,4.48,-90,1
4437,3.17,-93,1
4438,3.1,-64,0
4439,4.86,-62,0
4440,4.92,-65,0
4441,4.0,-66,0
4442,4.21,-69,0
4443,4.35,-53,0
4444,4.19,-65,0
4445,3.06,-66,0
4446,4.48,-73,0
4447,3.07,-57,0
4448,4.17,-66,0
4449,4.18,-51,0
4450,4.48,-69,0
4451,4.43,-53,0
4452,3.54,-60,0
4453,4.37,-67,0
4454,4.75,-76,0
4455,4.24,-76,0
4456,4.13,-52,0
4457,3.97,-74,0
4458,3.43,-78,0
4459,4.39,-55,0
4460,3.79,-77,0
4461,4.25,-57,0
4462,3.05,-52,0
4463,4.51,-52,0
4464,4.03,-76,0
4465,4.07,-69,0
4466,3.84,-65,0
4467,2.78,-70,1
4468,3.04,-77,0
4469,3.78,-56,0
4470,3.99,-64,0
4471,4.3,-67,0
4472,4.57,-67,0
4473,3.13,-66,0
4474,4.85,-51,0
4475,3.64,-56,0
4476,3.97,-74,0
4477,3.84,-62,0
4478,4.18,-76,0
4479,3.94,-60,0
4480,3.09,-53,0
4481,3.95,-61,0
4482,3.43,-50,0
4483,4.61,-50,0
4484,3.31,-67,0
4485,4.21,-62,0
4486,4.98,-60,0
4487,4.12,-65,0
4488,0.88,-51,1
4489,3.77,-53,0
4490,4.27,-76,0
4491,4.26,-66,0
4492,3.89,-73,0
4493,3.09,-70,0
4494,4.12,-72,0
4495,4.15,-55,0
4496,3.01,-63,0
4497,3.45,-54,0
4498,4.08,-71,0
4499,3.43,-63,0
4500,4.54,-69,0
4501,4.84,-74,0
4502,3.58,-58,0
4503,3.1,-74,0
4504,1.8,-75,1
4505,3.12,-55,0
4506,4.13,-63,0
4507,4.67,-55,0
4508,4.25,-59,0
4509,4.53,-54,0
4510,0.17,-77,1
4511,3.09,-80,0
4512,4.46,-93,1
4513,3.45,-78,0
4514,4.64,-58,0
4515,3.81,-69,0
4516,3.15,-52,0
4517,0.79,-69,1
4518,4.34,-53,0
4519,4.31,-62,0
4520,4.99,-96,1
4521,3.07,-69,0
4522,4.76,-54,0
4523,4.84,-68,0
4524,4.91,-52,0
4525,3.42,-75,0
4526,3.93,-66,0
4527,3.43,-76,0
4528,3.44,-68,0
4529,3.83,-77,0
4530,3.66,-66,0
4531,4.04,-54,0
4532,4.27,-73,0
4533,4.29,-74,0
4534,4.91,-77,0
4535,4.86,-75,0
4536,3.18,-54,0
4537,4.59,-57,0
4538,3.88,-67,0
4539,0.05,-66,1
4540,4.27,-52,0
4541,3.52,-58,0
4542,3.21,-58,0
4543,4.75,-57,0
4544,3.21,-56,0
4545,3.37,-79,0
4546,3.83,-61,0
4547,4.15,-79,0
4548,4.92,-51,0
4549,4.58,-53,0
4550,3.91,-69,0
4551,3.53,-60,0
4552,4.92,-52,0
4553,4.38,-56,0
4554,4.97,-60,0
4555,3.71,-54,0
4556,0.95,-65,1
4557,3.68,-70,0
4558,3.62,-62,0
4559,4.05,-96,1
4560,4.88,-58,0
4561,3.78,-78,0
4562,4.8,-58,0
4563,4.57,-80,0
4564,4.16,-57,0
4565,4.47,-56,0
4566,3.77,-57,0
4567,4.75,-74,0
4568,4.38,-92,1
4569,1.37,-74,1
4570,4.84,-71,0
4571,3.37,-69,0
4572,4.97,-67,0
4573,3.37,-55,0
4574,4.69,-53,0
4575,4.05,-58,0
4576,4.48,-63,0
4577,3.15,-94,1
4578,2.31,-80,1
4579,3.33,-72,0
4580,4.16,-61,0
4581,4.87,-60,0
4582,4.78,-80,0
4583,4.65,-59,0
4584,3.77,-77,0
4585,3.69,-56,0
4586,3.8,-60,0
4587,3.33,-73,0
4588,3.28,-75,0
4589,3.7,-78,0
4590,3.77,-61,0
4591,4.69,-61,0
4592,4.0,-67,0
4593,4.64,-63,0
4594,3.4,-72,0
4595,3.9,-66,0
4596,3.11,-56,0
4597,3.81,-80,0
4598,4.93,-59,0
4599,4.27,-76,0
4600,4.29,-54,0
4601,2.97,-64,1
4602,0.57,-74,1
4603,4.07,-64,0
4604,3.2,-99,1
4605,4.66,-63,0
4606,4.6,-52,0
4607,4.99,-76,0
4608,4.31,-64,0
4609,2.2,-59,1
4610,3.51,-67,0
4611,4.17,-63,0
4612,4.35,-67,0
4613,4.99,-75,0
4614,3.17,-63,0
4615,3.2,-59,0
4616,4.29,-76,0
4617,3.27,-73,0
4618,4.2,-78,0
4619,4.3,-73,0
4620,4.91,-68,0
4621,4.07,-67,0
4622,3.02,-71,0
4623,3.75,-70,0
4624,4.6,-53,0
4625,3.71,-75,0
4626,3.02,-59,0
4627,3.61,-78,0
4628,3.85,-93,1
4629,3.37,-74,0
4630,4.24,-78,0
4631,3.66,-80,0
4632,4.42,-70,0
4633,4.42,-70,0
4634,3.73,-57,0
4635,4.64,-73,0
4636,4.53,-71,0
4637,4.45,-51,0
4638,4.99,-54,0
4639,4.72,-72,0
4640,4.7,-70,0
4641,3.25,-55,0
4642,0.17,-56,1
4643,4.15,-63,0
4644,3.33,-77,0
4645,3.76,-59,0
4646,3.71,-75,0
4647,4.91,-71,0
4648,4.53,-66,0
4649,4.31,-67,0
4650,4.82,-70,0
4651,4.49,-73,0
4652,2.91,-50,1
4653,4.06,-57,0
4654,3.91,-68,0
4655,4.48,-72,0
4656,3.44,-74,0
4657,4.93,-60,0
4658,3.97,-63,0
4659,3.01,-68,0
4660,3.66,-61,0
4661,3.0,-61,0
4662,3.69,-52,0
4663,4.84,-77,0
4664,4.29,-74,0
4665,3.25,-73,0
4666,4.73,-95,1
4667,3.68,-52,0
4668,4.62,-62,0
4669,4.32,-68,0
4670,4.71,-70,0
4671,3.3,-63,0
4672,4.18,-72,0
4673,4.26,-77,0
4674,4.52,-77,0
4675,4.46,-63,0
4676,3.87,-70,0
4677,4.39,-79,0
4678,4.72,-97,1
4679,2.89,-78,1
4680,4.38,-51,0
4681,4.62,-60,0
4682,3.93,-62,0
4683,3.2,-51,0
4684,4.74,-55,0
4685,4.78,-50,0
4686,4.93,-57,0
4687,3.64,-50,0
4688,3.77,-63,0
4689,4.44,-72,0
4690,3.47,-68,0
4691,4.46,-76,0
4692,4.76,-62,0
4693,3.58,-72,0
4694,3.97,-61,0
4695,4.61,-68,0
4696,4.6,-67,0
4697,3.75,-92,1
4698,3.73,-61,0
4699,3.47,-57,0
4700,3.79,-74,0
4701,4.35,-78,0
4702,4.5,-57,0
4703,3.35,-58,0
4704,4.29,-57,0
4705,4.24,-51,0
4706,4.36,-93,1
4707,3.13,-52,0
4708,3.69,-79,0
4709,4.97,-53,0
4710,4.1,-54,0
4711,3.1,-58,0
4712,3.94,-61,0
4713,3.91,-80,0
4714,3.23,-71,0
4715,2.38,-66,1
4716,3.14,-55,0
4717,3.94,-61,0
4718,3.51,-71,0
4719,3.86,-69,0
4720,4.89,-74,0
4721,4.71,-50,0
4722,3.66,-53,0
4723,4.37,-74,0
4724,3.22,-71,0
4725,4.7,-78,0
4726,3.23,-59,0
4727,4.65,-74,0
4728,4.99,-59,0
4729,3.13,-74,0
4730,3.83,-51,0
4731,3.7,-80,0
4732,3.2,-60,0
4733,4.68,-56,0
4734,4.09,-63,0
4735,3.63,-67,0
4736,3.66,-69,0
4737,4.52,-54,0
4738,3.18,-64,0
4739,3.89,-73,0
4740,4.79,-68,0
4741,3.2,-56,0
4742,3.21,-78,0
4743,3.75,-75,0
4744,4.31,-52,0
4745,4.95,-51,0
4746,4.17,-78,0
4747,3.5,-63,0
4748,4.93,-64,0
4749,2.36,-62,1
4750,4.88,-65,0
4751,0.13,-75,1
4752,0.72,-75,1
4753,4.69,-75,0
4754,4.1,-74,0
4755,4.92,-97,1
4756,3.12,-71,0
4757,4.14,-69,0
4758,4.54,-69,0
4759,3.97,-74,0
4760,3.09,-79,0
4761,4.99,-59,0
4762,3.08,-79,0
4763,2.21,-58,1
4764,4.61,-68,0
4765,3.83,-58,0
4766,5.0,-77,0
4767,3.46,-65,0
4768,0.71,-70,1
4769,3.2,-61,0
4770,4.93,-79,0
4771,4.13,-69,0
4772,3.77,-76,0
4773,3.71,-63,0
4774,3.16,-75,0
4775,3.15,-72,0
4776,4.75,-55,0
4777,3.22,-60,0
4778,4.1,-62,0
4779,3.51,-75,0
4780,3.93,-73,0
4781,2.24,-75,1
4782,4.46,-63,0
4783,3.47,-60,0
4784,4.28,-60,0
4785,3.81,-77,0
4786,3.67,-64,0
4787,4.42,-93,1
4788,4.97,-73,0
4789,3.24,-66,0
4790,3.57,-75,0
4791,3.32,-80,0
4792,3.19,-60,0
4793,3.84,-61,0
4794,3.28,-67,0
4795,4.72,-70,0
4796,3.87,-76,0
4797,4.94,-62,0
4798,4.07,-55,0
4799,4.05,-63,0
4800,3.18,-67,0
4801,4.69,-69,0
4802,3.04,-56,0
4803,3.16,-65,0
4804,4.26,-66,0
4805,3.07,-65,0
4806,3.71,-61,0
4807,4.19,-62,0
4808,3.18,-59,0
4809,4.75,-78,0
4810,4.9,-93,1
4811,4.82,-65,0
4812,3.42,-71,0
4813,3.87,-72,0
4814,3.38,-59,0
4815,3.58,-52,0
4816,3.58,-57,0
4817,4.84,-73,0
4818,3.3,-51,0
4819,3.45,-62,0
4820,3.07,-51,0
4821,4.99,-56,0
4822,3.95,-62,0
4823,3.73,-79,0
4824,4.85,-62,0
4825,3.48,-78,0
4826,3.44,-73,0
4827,3.17,-71,0
4828,3.77,-70,0
4829,3.04,-62,0
4830,1.31,-68,1
4831,4.98,-71,0
4832,4.97,-64,0
4833,4.13,-52,0
4834,2.71,-71,1
4835,4.57,-61,0
4836,0.15,-64,1
4837,4.41,-60,0
4838,4.59,-69,0
4839,3.22,-64,0
4840,3.21,-65,0
4841,3.17,-61,0
4842,3.22,-61,0
4843,3.41,-50,0
4844,3.36,-71,0
4845,4.53,-72,0
4846,4.7,-74,0
4847,3.83,-77,0
4848,4.41,-79,0
4849,4.93,-69,0
4850,3.03,-64,0
4851,4.52,-75,0
4852,4.09,-71,0
4853,3.03,-79,0
4854,3.79,-60,0
4855,0.61,-73,1
4856,3.35,-79,0
4857,4.56,-71,0
4858,3.66,-51,0
4859,3.0,-57,0
4860,3.53,-68,0
4861,3.71,-54,0
4862,3.57,-61,0
4863,4.2,-100,1
4864,3.27,-55,0
4865,3.72,-92,1
4866,3.99,-97,1
4867,4.19,-78,0
4868,4.55,-66,0
4869,4.26,-69,0
4870,3.86,-79,0
4871,4.73,-73,0
4872,3.76,-66,0
4873,4.74,-58,0
4874,3.12,-61,0
4875,3.27,-77,0
4876,3.6,-58,0
4877,4.36,-50,0
4878,4.24,-62,0
4879,4.6,-55,0
4880,3.06,-74,0
4881,4.98,-76,0
4882,4.95,-74,0
4883,3.95,-64,0
4884,4.47,-79,0
4885,4.11,-50,0
4886,3.9,-80,0
4887,4.53,-52,0
4888,4.23,-77,0
4889,4.63,-68,0
4890,4.72,-58,0
4891,4.48,-51,0
4892,3.37,-51,0
4893,3.29,-54,0
4894,3.0,-75,0
4895,4.91,-76,0
4896,4.68,-72,0
4897,4.7,-73,0
4898,4.37,-80,0
4899,4.73,-56,0
4900,4.06,-51,0
4901,3.67,-67,0
4902,4.11,-66,0
4903,4.6,-80,0
4904,3.44,-57,0
4905,3.19,-79,0
4906,4.7,-79,0
4907,4.44,-75,0
4908,3.4,-73,0
4909,4.18,-75,0
4910,3.11,-72,0
4911,4.87,-52,0
4912,3.17,-97,1
4913,3.5,-67,0
4914,4.64,-57,0
4915,4.32,-57,0
4916,3.73,-50,0
4917,4.45,-71,0
4918,4.06,-54,0
4919,3.93,-68,0
4920,3.78,-52,0
4921,3.1,-59,0
4922,3.29,-56,0
4923,3.51,-62,0
4924,4.2,-66,0
4925,2.48,-61,1
4926,3.48,-74,0
4927,3.62,-78,0
4928,4.77,-71,0
4929,0.16,-63,1
4930,3.56,-53,0
4931,3.18,-55,0
4932,4.31,-50,0
4933,3.47,-55,0
4934,3.93,-76,0
4935,1.35,-79,1
4936,4.0,-78,0
4937,4.79,-59,0
4938,3.58,-75,0
4939,1.48,-59,1
4940,3.02,-61,0
4941,0.5,-59,1
4942,3.68,-59,0
4943,3.67,-61,0
4944,4.74,-54,0
4945,3.02,-75,0
4946,3.99,-69,0
4947,3.77,-98,1
4948,3.13,-65,0
4949,4.25,-55,0
4950,3.14,-61,0
4951,4.72,-62,0
4952,4.64,-55,0
4953,4.7,-59,0
4954,4.46,-73,0
4955,3.07,-78,0
4956,4.78,-60,0
4957,4.83,-67,0
4958,3.12,-95,1
4959,4.39,-54,0
4960,4.37,-52,0
4961,4.8,-56,0
4962,3.67,-68,0
4963,3.52,-73,0
4964,0.49,-79,1
4965,3.79,-63,0
4966,3.5,-70,0
4967,3.14,-66,0
4968,4.29,-71,0
4969,3.69,-79,0
4970,3.9,-52,0
4971,4.44,-55,0
4972,3.15,-63,0
4973,3.84,-74,0
4974,4.47,-58,0
4975,4.87,-61,0
4976,3.92,-55,0
4977,2.7,-65,1
4978,4.94,-94,1
4979,4.84,-51,0
4980,4.59,-51,0
4981,3.15,-53,0
4982,3.05,-53,0
4983,4.02,-74,0
4984,4.16,-75,0
4985,0.38,-79,1
4986,4.0,-68,0
4987,4.01,-65,0
4988,3.34,-75,0
4989,4.39,-78,0
4990,3.47,-71,0
4991,3.84,-65,0
4992,4.14,-70,0
4993,4.92,-58,0
4994,3.64,-62,0
4995,3.02,-63,0
4996,1.48,-78,1
4997,3.9,-62,0
4998,3.5,-74,0
4999,3.76,-90,1
5000,3.46,-54,0
5001,3.19,-73,0
5002,4.46,-92,1
5003,4.09,-73,0
5004,3.56,-51,0
5005,4.78,-53,0
5006,3.27,-53,0
5007,3.83,-55,0
5008,4.09,-79,0
5009,4.13,-64,0
5010,3.47,-91,1
5011,4.16,-67,0
5012,4.18,-79,0
5013,4.73,-79,0
5014,3.21,-76,0
5015,4.6,-69,0
5016,4.34,-74,0
5017,4.16,-80,0
5018,3.96,-63,0
5019,4.18,-64,0
5020,3.24,-73,0
5021,4.92,-55,0
5022,4.21,-62,0
5023,3.15,-79,0
5024,4.05,-60,0
5025,3.37,-75,0
5026,4.42,-100,1
5027,4.22,-75,0
5028,3.12,-73,0
5029,3.45,-50,0
5030,3.24,-56,0
5031,0.82,-69,1
5032,4.24,-64,0
5033,3.13,-72,0
5034,4.11,-60,0
5035,4.57,-69,0
5036,4.59,-75,0
5037,3.47,-52,0
5038,3.07,-56,0
5039,4.74,-77,0
5040,4.62,-52,0
5041,3.37,-66,0
5042,4.09,-67,0
5043,3.96,-77,0
5044,3.67,-55,0
5045,3.96,-59,0
5046,3.54,-67,0
5047,4.9,-62,0
5048,3.76,-50,0
5049,3.86,-67,0
5050,2.94,-79,1
5051,3.9,-96,1
5052,4.08,-51,0
5053,3.13,-76,0
5054,2.65,-68,1
5055,3.25,-53,0
5056,4.0,-60,0
5057,4.96,-54,0
5058,3.86,-51,0
5059,4.65,-66,0
5060,4.39,-77,0
5061,3.09,-71,0
5062,3.97,-56,0
5063,5.0,-70,0
5064,3.86,-74,0
5065,3.05,-60,0
5066,4.68,-76,0
5067,4.57,-69,0
5068,4.29,-59,0
5069,4.16,-76,0
5070,3.69,-97,1
5071,3.84,-57,0
5072,4.52,-51,0
5073,3.38,-74,0
5074,3.38,-59,0
5075,3.81,-52,0
5076,3.3,-72,0
5077,4.08,-68,0
5078,4.1,-63,0
5079,3.22,-72,0
5080,4.65,-61,0
5081,4.91,-71,0
5082,4.48,-64,0
5083,4.31,-75,0
5084,4.45,-63,0
5085,4.39,-60,0
5086,3.11,-56,0
5087,3.94,-56,0
5088,3.67,-60,0
5089,3.11,-76,0
5090,4.42,-52,0
5091,4.45,-58,0
5092,4.27,-76,0
5093,3.05,-91,1
5094,3.06,-62,0
5095,3.49,-74,0
5096,4.71,-69,0
5097,3.42,-67,0
5098,3.99,-78,0
5099,3.08,-54,0
5100,4.19,-100,1
5101,4.29,-75,0
5102,4.08,-52,0
5103,0.6,-94,1
5104,3.55,-60,0
5105,4.04,-72,0
5106,4.86,-79,0
5107,4.96,-78,0
5108,4.48,-65,0
5109,4.88,-80,0
5110,3.29,-69,0
5111,3.32,-50,0
5112,4.92,-64,0
5113,4.25,-52,0
5114,4.15,-59,0
5115,4.97,-77,0
5116,4.3,-74,0
5117,4.98,-64,0
5118,3.11,-65,0
5119,0.22,-75,1
5120,3.1,-53,0
5121,3.37,-51,0
5122,3.94,-71,0
5123,4.27,-74,0
5124,4.23,-70,0
5125,4.78,-80,0
5126,4.43,-52,0
5127,3.2,-71,0
5128,4.9,-67,0
5129,4.46,-67,0
5130,4.03,-68,0
5131,3.78,-63,0
5132,3.64,-99,1
5133,4.08,-78,0
5134,3.06,-65,0
5135,3.53,-65,0
5136,3.19,-51,0
5137,0.95,-60,1
5138,3.56,-50,0
5139,4.09,-77,0
5140,4.23,-73,0
5141,4.67,-53,0
5142,4.96,-71,0
5143,4.76,-80,0
5144,3.58,-75,0
5145,4.26,-73,0
5146,3.76,-76,0
5147,4.5,-63,0
5148,4.96,-79,0
5149,4.46,-63,0
5150,3.88,-78,0
5151,4.05,-75,0
5152,3.88,-76,0
5153,4.55,-67,0
5154,4.96,-69,0
5155,3.74,-65,0
5156,1.53,-53,1
5157,4.24,-68,0
5158,3.65,-58,0
5159,3.12,-58,0
5160,3.35,-55,0
5161,4.08,-64,0
5162,1.63,-64,1
5163,4.31,-54,0
5164,3.92,-62,0
5165,3.48,-53,0
5166,3.9,-79,0
5167,4.62,-55,0
5168,4.85,-75,0
5169,3.73,-70,0
5170,3.75,-57,0
5171,3.03,-76,0
5172,4.68,-91,1
5173,0.8,-56,1
5174,4.9,-62,0
5175,4.74,-75,0
5176,3.35,-79,0
5177,3.62,-52,0
5178,4.08,-76,0
5179,3.16,-53,0
5180,3.16,-70,0
5181,3.44,-80,0
5182,3.85,-52,0
5183,3.27,-73,0
5184,0.75,-50,1
5185,4.63,-59,0
5186,3.7,-69,0
5187,3.16,-60,0
5188,3.83,-58,0
5189,4.67,-75,0
5190,3.39,-58,0
5191,3.89,-57,0
5192,4.07,-72,0
5193,4.96,-58,0
5194,3.55,-72,0
5195,4.86,-55,0
5196,3.07,-62,0
5197,4.46,-50,0
5198,4.07,-60,0
5199,3.78,-91,1
5200,1.58,-66,1
5201,3.71,-65,0
5202,4.01,-75,0
5203,4.84,-63,0
5204,4.61,-78,0
5205,3.88,-50,0
5206,3.28,-55,0
5207,4.09,-75,0
5208,3.91,-56,0
5209,4.5,-80,0
5210,4.47,-54,0
5211,3.38,-59,0
5212,3.36,-64,0
5213,4.02,-78,0
5214,3.97,-64,0
5215,0.98,-58,1
5216,4.98,-78,0
5217,3.63,-79,0
5218,3.01,-58,0
5219,3.27,-63,0
5220,3.08,-74,0
5221,3.67,-50,0
5222,4.22,-63,0
5223,3.76,-65,0
5224,3.99,-50,0
5225,4.86,-72,0
5226,4.63,-62,0
5227,4.46,-65,0
5228,4.22,-56,0
5229,4.04,-78,0
5230,4.7,-56,0
5231,3.91,-69,0
5232,3.16,-67,0
5233,4.58,-76,0
5234,4.76,-78,0
5235,4.28,-72,0
5236,3.41,-64,0
5237,2.24,-65,1
5238,3.81,-77,0
5239,4.77,-93,1
5240,3.15,-67,0
5241,3.83,-51,0
5242,3.59,-64,0
5243,4.91,-65,0
5244,4.88,-59,0
5245,3.75,-100,1
5246,3.23,-80,0
5247,4.65,-69,0
5248,4.41,-66,0
5249,4.96,-75,0
5250,4.14,-78,0
5251,3.11,-73,0
5252,3.08,-99,1
5253,4.88,-73,0
5254,3.97,-64,0
5255,3.81,-98,1
5256,3.97,-67,0
5257,3.05,-55,0
5258,4.6,-52,0
5259,4.69,-79,0
5260,4.1,-78,0
5261,3.92,-55,0
5262,3.22,-100,1
5263,3.17,-92,1
5264,3.79,-98,1
5265,3.46,-50,0
5266,3.04,-76,0
5267,0.84,-72,1
5268,3.48,-77,0
5269,4.44,-73,0
5270,2.65,-65,1
5271,3.87,-70,0
5272,3.25,-74,0
5273,3.84,-59,0
5274,3.71,-79,0
5275,4.43,-69,0
5276,4.57,-72,0
5277,3.36,-63,0
5278,4.59,-58,0
5279,3.27,-77,0
5280,4.39,-57,0
5281,3.56,-58,0
5282,4.82,-61,0
5283,3.97,-77,0
5284,3.93,-65,0
5285,3.07,-80,0
5286,2.83,-50,1
5287,4.2,-53,0
5288,3.96,-70,0
5289,4.19,-72,0
5290,3.42,-50,0
5291,3.64,-76,0
5292,3.1,-78,0
5293,3.29,-74,0
5294,4.58,-71,0
5295,3.81,-62,0
5296,3.43,-70,0
5297,4.6,-58,0
5298,3.34,-67,0
5299,3.01,-55,0
5300,3.11,-71,0
5301,4.96,-75,0
5302,3.73,-54,0
5303,3.84,-53,0
5304,3.34,-75,0
5305,3.89,-56,0
5306,4.27,-78,0
5307,4.69,-71,0
5308,4.16,-74,0
5309,3.47,-57,0
5310,3.22,-78,0
5311,4.11,-52,0
5312,3.17,-58,0
5313,4.94,-51,0
5314,3.95,-59,0
5315,3.6,-60,0
5316,3.8,-66,0
5317,3.64,-75,0
5318,3.23,-60,0
5319,4.56,-66,0
5320,3.82,-59,0
5321,3.64,-68,0
5322,2.06,-61,1
5323,3.5,-71,0
5324,4.72,-91,1
5325,3.22,-53,0
5326,3.12,-62,0
5327,4.51,-58,0
5328,3.82,-77,0
5329,4.84,-59,0
5330,3.43,-63,0
5331,3.39,-68,0
5332,3.55,-80,0
5333,4.44,-55,0
5334,3.17,-99,1
5335,3.72,-59,0
5336,4.97,-67,0
5337,4.61,-51,0
5338,4.08,-80,0
5339,3.53,-65,0
5340,3.36,-63,0
5341,4.81,-74,0
5342,1.67,-67,1
5343,4.56,-79,0
5344,4.1,-56,0
5345,4.86,-93,1
5346,4.84,-78,0
5347,4.44,-71,0
5348,3.83,-76,0
5349,4.12,-60,0
5350,3.26,-72,0
5351,3.05,-51,0
5352,4.06,-78,0
5353,0.79,-78,1
5354,4.05,-75,0
5355,3.18,-67,0
5356,3.16,-77,0
5357,4.98,-77,0
5358,3.54,-70,0
5359,4.69,-71,0
5360,3.81,-59,0
5361,4.56,-79,0
5362,3.22,-69,0
5363,4.42,-74,0
5364,4.82,-73,0
5365,4.7,-50,0
5366,3.01,-77,0
5367,3.0,-77,0
5368,4.07,-77,0
5369,3.23,-60,0
5370,4.9,-51,0
5371,3.99,-68,0
5372,3.62,-78,0
5373,3.38,-60,0
5374,4.51,-76,0
5375,4.68,-80,0
5376,4.4,-78,0
5377,3.59,-69,0
5378,4.9,-56,0
5379,4.97,-63,0
5380,4.18,-62,0
5381,3.56,-74,0
5382,4.39,-53,0
5383,3.16,-52,0
5384,3.87,-52,0
5385,3.09,-75,0
5386,4.91,-80,0
5387,3.79,-50,0
5388,4.98,-56,0
5389,3.85,-66,0
5390,3.04,-52,0
5391,3.49,-62,0
5392,3.38,-53,0
5393,3.97,-76,0
5394,4.52,-70,0
5395,3.91,-58,0
5396,4.61,-52,0
5397,3.05,-59,0
5398,4.05,-61,0
5399,3.62,-71,0
5400,4.94,-80,0
5401,3.08,-64,0
5402,4.49,-50,0
5403,4.56,-59,0
5404,4.5,-74,0
5405,3.79,-73,0
5406,4.38,-52,0
5407,3.83,-69,0
5408,0.43,-76,1
5409,3.04,-75,0
5410,3.42,-56,0
5411,4.39,-80,0
5412,3.2,-66,0
5413,4.73,-56,0
5414,3.96,-54,0
5415,4.75,-62,0
5416,1.08,-73,1
5417,3.93,-69,0
5418,3.19,-72,0
5419,3.85,-62,0
5420,3.47,-94,1
5421,3.99,-60,0
5422,2.92,-51,1
5423,4.91,-70,0
5424,3.9,-75,0
5425,3.3,-70,0
5426,4.54,-76,0
5427,3.85,-78,0
5428,3.29,-92,1
5429,3.68,-55,0
5430,2.78,-56,1
5431,1.73,-73,1
5432,4.66,-71,0
5433,4.72,-52,0
5434,4.83,-68,0
5435,4.31,-65,0
5436,3.98,-91,1
5437,4.54,-65,0
5438,4.85,-72,0
5439,3.29,-57,0
5440,3.08,-67,0
5441,3.04,-66,0
5442,3.99,-68,0
5443,4.27,-68,0
5444,4.42,-52,0
5445,4.78,-61,0
5446,3.19,-75,0
5447,4.84,-56,0
5448,4.53,-96,1
5449,4.85,-57,0
5450,4.01,-70,0
5451,4.96,-74,0
5452,4.72,-77,0
5453,3.38,-80,0
5454,4.93,-72,0
5455,4.08,-63,0
5456,3.76,-75,0
5457,3.17,-68,0
5458,3.71,-52,0
5459,4.24,-52,0
5460,3.64,-72,0
5461,3.47,-52,0
5462,4.13,-70,0
5463,3.3,-65,0
5464,4.28,-57,0
5465,3.33,-75,0
5466,3.7,-75,0
5467,3.76,-78,0
5468,3.53,-78,0
5469,4.43,-70,0
5470,0.87,-80,1
5471,3.71,-72,0
5472,3.4,-72,0
5473,3.15,-64,0
5474,4.88,-52,0
5475,4.61,-55,0
5476,3.93,-54,0
5477,3.08,-64,0
5478,4.96,-92,1
5479,4.11,-57,0
5480,3.27,-51,0
5481,4.65,-80,0
5482,3.04,-55,0
5483,3.59,-64,0
5484,4.8,-78,0
5485,3.06,-68,0
5486,4.54,-76,0
5487,4.78,-65,0
5488,4.25,-78,0
5489,3.05,-66,0
5490,3.5,-64,0
5491,4.12,-57,0
5492,1.66,-75,1
5493,3.81,-54,0
5494,4.08,-56,0
5495,3.41,-80,0
5496,3.18,-54,0
5497,4.48,-60,0
5498,3.61,-57,0
5499,3.52,-59,0
5500,3.96,-50,0
5501,3.59,-69,0
5502,4.77,-66,0
5503,3.69,-98,1
5504,3.99,-61,0
5505,4.73,-76,0
5506,1.54,-76,1
5507,4.18,-52,0
5508,4.67,-62,0
5509,3.79,-68,0
5510,3.56,-68,0
5511,3.41,-56,0
5512,3.12,-74,0
5513,1.82,-50,1
5514,3.33,-51,0
5515,3.03,-69,0
5516,4.87,-77,0
5517,4.67,-53,0
5518,4.85,-54,0
5519,4.05,-72,0
5520,4.54,-54,0
5521,3.88,-51,0
5522,3.21,-80,0
5523,3.16,-72,0
5524,3.64,-66,0
5525,1.14,-79,1
5526,3.19,-78,0
5527,3.98,-50,0
5528,3.84,-71,0
5529,3.83,-76,0
5530,4.41,-66,0
5531,3.86,-57,0
5532,4.72,-66,0
5533,4.3,-63,0
5534,3.05,-79,0
5535,3.95,-70,0
5536,4.85,-68,0
5537,4.86,-77,0
5538,3.71,-51,0
5539,4.82,-62,0
5540,4.86,-80,0
5541,4.14,-61,0
5542,3.4,-64,0
5543,4.19,-66,0
5544,4.28,-63,0
5545,3.39,-51,0
5546,1.98,-72,1
5547,3.66,-59,0
5548,2.64,-69,1
5549,3.11,-75,0
5550,4.26,-60,0
5551,3.98,-60,0
5552,3.12,-67,0
5553,3.92,-78,0
5554,3.75,-75,0
5555,4.04,-58,0
5556,3.67,-98,1
5557,3.12,-50,0
5558,3.78,-53,0
5559,4.74,-52,0
5560,3.17,-67,0
5561,4.83,-57,0
5562,4.96,-57,0
5563,3.66,-54,0
5564,3.56,-69,0
5565,1.18,-75,1
5566,4.3,-71,0
5567,4.61,-67,0
5568,3.29,-66,0
5569,4.31,-55,0
5570,4.58,-51,0
5571,4.82,-63,0
5572,4.58,-75,0
5573,3.55,-50,0
5574,4.95,-58,0
5575,4.19,-72,0
5576,4.11,-69,0
5577,4.08,-56,0
5578,4.28,-76,0
5579,4.01,-66,0
5580,3.79,-76,0
5581,4.19,-52,0
5582,4.08,-58,0
5583,3.02,-66,0
5584,4.68,-79,0
5585,0.3,-60,1
5586,4.84,-72,0
5587,4.99,-76,0
5588,4.75,-77,0
5589,3.47,-68,0
5590,0.55,-68,1
5591,4.7,-57,0
5592,3.92,-67,0
5593,4.06,-54,0
5594,3.66,-53,0
5595,4.33,-71,0
5596,3.55,-66,0
5597,4.28,-76,0
5598,4.56,-74,0
5599,4.17,-66,0
5600,3.02,-96,1
5601,4.85,-73,0
5602,3.13,-75,0
5603,3.45,-74,0
5604,3.19,-70,0
5605,3.4,-79,0
5606,4.07,-77,0
5607,4.81,-71,0
5608,4.29,-98,1
5609,4.75,-52,0
5610,4.17,-69,0
5611,3.35,-74,0
5612,3.89,-64,0
5613,3.48,-64,0
5614,3.65,-79,0
5615,3.92,-59,0
5616,4.25,-56,0
5617,3.13,-70,0
5618,3.44,-55,0
5619,4.33,-67,0
5620,4.75,-79,0
5621,0.18,-57,1
5622,3.14,-67,0
5623,3.3,-61,0
5624,3.93,-63,0
5625,4.45,-70,0
5626,4.9,-97,1
5627,4.37,-67,0
5628,4.09,-97,1
5629,3.48,-67,0
5630,3.88,-73,0
5631,4.81,-52,0
5632,3.81,-71,0
5633,5.0,-74,0
5634,4.68,-64,0
5635,3.5,-68,0
5636,4.26,-78,0
5637,4.01,-51,0
5638,3.69,-68,0
5639,3.29,-72,0
5640,2.36,-63,1
5641,4.66,-73,0
5642,2.05,-75,1
5643,4.94,-90,1
5644,4.75,-53,0
5645,4.77,-73,0
5646,4.42,-61,0
5647,4.58,-78,0
5648,2.03,-50,1
5649,4.16,-65,0
5650,3.46,-57,0
5651,3.13,-70,0
5652,3.39,-72,0
5653,3.83,-68,0
5654,4.45,-68,0
5655,3.3,-64,0
5656,4.74,-70,0
5657,4.66,-73,0
5658,3.2,-76,0
5659,3.62,-73,0
5660,4.22,-75,0
5661,3.55,-75,0
5662,4.01,-72,0
5663,3.66,-67,0
5664,3.28,-78,0
5665,4.49,-69,0
5666,4.0,-62,0
5667,4.07,-53,0
5668,4.08,-55,0
5669,3.05,-65,0
5670,4.16,-56,0
5671,4.51,-64,0
5672,3.5,-66,0
5673,4.64,-65,0
5674,3.35,-58,0
5675,3.24,-52,0
5676,4.75,-66,0
5677,4.79,-67,0
5678,4.94,-74,0
5679,4.86,-61,0
5680,4.26,-70,0
5681,2.38,-61,1
5682,4.5,-69,0
5683,3.16,-95,1
5684,3.07,-53,0
5685,4.77,-57,0
5686,4.34,-76,0
5687,2.55,-63,1
5688,4.22,-66,0
5689,4.77,-60,0
5690,1.43,-77,1
5691,1.81,-80,1
5692,4.75,-52,0
5693,4.69,-79,0
5694,3.64,-75,0
5695,3.47,-70,0
5696,4.44,-70,0
5697,4.02,-57,0
5698,3.88,-79,0
5699,3.92,-80,0
5700,3.52,-60,0
5701,3.38,-55,0
5702,3.6,-71,0
5703,4.91,-50,0
5704,3.31,-75,0
5705,3.68,-75,0
5706,4.88,-55,0
5707,4.24,-52,0
5708,3.9,-51,0
5709,3.34,-74,0
5710,3.9,-55,0
5711,4.56,-80,0
5712,4.37,-79,0
5713,3.46,-50,0
5714,4.77,-66,0
5715,4.74,-95,1
5716,3.9,-57,0
5717,3.28,-80,0
5718,3.3,-78,0
5719,3.4,-52,0
5720,4.12,-70,0
5721,4.43,-64,0
5722,3.35,-52,0
5723,3.57,-60,0
5724,3.1,-71,0
5725,4.82,-56,0
5726,3.74,-58,0
5727,3.66,-80,0
5728,4.12,-56,0
5729,3.28,-76,0
5730,4.57,-98,1
5731,4.32,-58,0
5732,3.61,-58,0
5733,4.75,-77,0
5734,4.42,-59,0
5735,4.71,-59,0
5736,3.88,-56,0
5737,3.5,-60,0
5738,4.14,-67,0
5739,4.62,-69,0
5740,4.04,-55,0
5741,3.54,-53,0
5742,3.03,-50,0
5743,3.8,-73,0
5744,3.39,-79,0
5745,3.12,-65,0
5746,4.54,-71,0
5747,4.08,-68,0
5748,3.22,-79,0
5749,3.44,-69,0
5750,3.53,-64,0
5751,3.9,-74,0
5752,3.41,-58,0
5753,4.44,-54,0
5754,3.04,-65,0
5755,3.64,-76,0
5756,4.24,-69,0
5757,3.21,-64,0
5758,4.16,-54,0
5759,3.67,-76,0
5760,4.1,-71,0
5761,3.87,-58,0
5762,4.55,-53,0
5763,0.03,-55,1
5764,3.3,-56,0
5765,4.21,-75,0
5766,4.75,-59,0
5767,3.17,-56,0
5768,3.58,-60,0
5769,4.04,-65,0
5770,3.17,-69,0
5771,3.36,-55,0
5772,4.19,-63,0
5773,3.5,-69,0
5774,0.49,-52,1
5775,3.13,-67,0
5776,3.78,-68,0
5777,5.0,-62,0
5778,3.53,-80,0
5779,3.11,-51,0
5780,4.27,-50,0
5781,2.48,-71,1
5782,2.24,-56,1
5783,4.21,-51,0
5784,3.42,-71,0
5785,1.66,-74,1
5786,3.11,-77,0
5787,3.45,-77,0
5788,3.14,-90,1
5789,4.44,-78,0
5790,3.59,-52,0
5791,3.56,-70,0
5792,4.33,-79,0
5793,0.92,-52,1
5794,4.38,-74,0
5795,4.24,-56,0
5796,4.62,-69,0
5797,3.79,-75,0
5798,4.3,-70,0
5799,3.06,-51,0
5800,1.53,-54,1
5801,3.13,-75,0
5802,4.49,-65,0
5803,3.32,-97,1
5804,4.77,-65,0
5805,4.77,-80,0
5806,3.93,-56,0
5807,3.82,-62,0
5808,3.87,-56,0
5809,3.73,-56,0
5810,3.5,-64,0
5811,3.95,-61,0
5812,3.91,-80,0
5813,4.23,-64,0
5814,4.72,-54,0
5815,4.14,-63,0
5816,4.5,-56,0
5817,3.66,-79,0
5818,4.82,-77,0
5819,3.32,-96,1
5820,4.88,-78,0
5821,3.37,-60,0
5822,3.93,-54,0
5823,3.7,-97,1
5824,4.36,-52,0
5825,3.73,-69,0
5826,3.74,-61,0
5827,1.71,-52,1
5828,3.65,-50,0
5829,3.62,-53,0
5830,4.49,-76,0
5831,4.83,-76,0
5832,3.99,-63,0
5833,3.06,-79,0
5834,3.84,-65,0
5835,4.07,-70,0
5836,4.34,-75,0
5837,4.32,-58,0
5838,4.33,-72,0
5839,3.31,-75,0
5840,4.51,-51,0
5841,3.44,-64,0
5842,4.52,-69,0
5843,3.28,-60,0
5844,3.37,-70,0
5845,4.25,-69,0
5846,4.21,-53,0
5847,4.44,-68,0
5848,4.82,-51,0
5849,4.22,-66,0
5850,3.5,-66,0
5851,4.31,-61,0
5852,4.58,-52,0
5853,4.0,-57,0
5854,3.86,-51,0
5855,4.37,-56,0
5856,4.53,-56,0
5857,4.34,-52,0
5858,3.54,-59,0
5859,3.1,-69,0
5860,4.07,-63,0
5861,3.11,-72,0
5862,3.73,-71,0
5863,3.07,-63,0
5864,4.3,-69,0
5865,4.93,-80,0
5866,4.33,-66,0
5867,4.52,-61,0
5868,3.24,-57,0
5869,3.2,-62,0
5870,4.85,-54,0
5871,4.51,-55,0
5872,4.51,-63,0
5873,4.98,-79,0
5874,3.23,-67,0
5875,4.78,-50,0
5876,4.08,-52,0
5877,4.09,-60,0
5878,4.87,-69,0
5879,3.72,-76,0
5880,3.53,-72,0
5881,3.43,-59,0
5882,3.92,-67,0
5883,4.72,-71,0
5884,3.85,-71,0
5885,4.6,-57,0
5886,3.25,-63,0
5887,4.76,-57,0
5888,4.02,-64,0
5889,3.31,-97,1
5890,4.0,-80,0
5891,4.93,-50,0
5892,3.84,-51,0
5893,4.22,-77,0
5894,4.88,-78,0
5895,4.54,-79,0
5896,4.3,-94,1
5897,3.94,-62,0
5898,4.76,-52,0
5899,4.17,-70,0
5900,4.52,-61,0
5901,4.01,-62,0
5902,4.92,-67,0
5903,4.14,-70,0
5904,3.54,-53,0
5905,4.88,-62,0
5906,3.59,-61,0
5907,3.69,-56,0
5908,4.5,-59,0
5909,3.02,-77,0
5910,3.0,-70,0
5911,3.9,-72,0
5912,4.79,-59,0
5913,3.85,-100,1
5914,4.8,-53,0
5915,4.92,-55,0
5916,3.45,-79,0
5917,4.57,-80,0
5918,4.62,-76,0
5919,4.34,-64,0
5920,4.53,-67,0
5921,4.9,-67,0
5922,3.55,-79,0
5923,0.84,-61,1
5924,4.29,-79,0
5925,3.44,-61,0
5926,4.08,-61,0
5927,3.11,-68,0
5928,4.3,-56,0
5929,3.03,-56,0
5930,4.57,-64,0
5931,3.01,-79,0
5932,4.23,-77,0
5933,3.7,-52,0
5934,3.07,-59,0
5935,3.63,-59,0
5936,4.77,-79,0
5937,4.88,-69,0
5938,3.64,-56,0
5939,4.27,-74,0
5940,3.8,-51,0
5941,1.49,-79,1
5942,3.14,-56,0
5943,3.82,-52,0
5944,3.92,-50,0
5945,3.57,-69,0
5946,3.47,-64,0
5947,1.14,-93,1
5948,3.72,-60,0
5949,4.81,-73,0
5950,3.17,-65,0
5951,3.07,-68,0
5952,4.7,-80,0
5953,3.09,-80,0
5954,4.98,-64,0
5955,4.02,-73,0
5956,4.69,-79,0
5957,3.78,-71,0
5958,3.42,-55,0
5959,3.1,-58,0
5960,4.64,-53,0
5961,3.69,-98,1
5962,4.36,-76,0
5963,4.59,-53,0
5964,4.87,-54,0
5965,3.59,-62,0
5966,4.15,-52,0
5967,3.45,-66,0
5968,3.72,-58,0
5969,4.63,-63,0
5970,3.33,-80,0
5971,3.01,-73,0
5972,4.59,-53,0
5973,3.03,-67,0
5974,4.64,-51,0
5975,4.38,-78,0
5976,4.09,-51,0
5977,3.06,-70,0
5978,3.13,-56,0
5979,3.99,-57,0
5980,3.21,-50,0
5981,4.84,-72,0
5982,4.35,-61,0
5983,4.45,-65,0
5984,3.72,-56,0
5985,4.98,-75,0
5986,3.88,-78,0
5987,4.24,-80,0
5988,4.58,-50,0
5989,3.57,-72,0
5990,3.03,-62,0
5991,3.61,-76,0
5992,3.9,-75,0
5993,4.98,-92,1
5994,4.19,-50,0
5995,3.07,-61,0
5996,3.75,-58,0
5997,3.81,-79,0
5998,3.8,-56,0
5999,3.57,-65,0
6000,3.43,-73,0
6001,3.49,-72,0
6002,3.51,-63,0
6003,4.05,-76,0
6004,4.06,-75,0
6005,4.72,-73,0
6006,4.59,-50,0
6007,4.93,-50,0
6008,4.17,-66,0
6009,4.01,-66,0
6010,3.59,-71,0
6011,4.19,-79,0
6012,3.04,-78,0
6013,4.02,-56,0
6014,4.13,-68,0
6015,3.21,-57,0
6016,4.05,-56,0
6017,4.17,-51,0
6018,4.62,-53,0
6019,4.13,-74,0
6020,4.04,-69,0
6021,3.94,-55,0
6022,3.76,-61,0
6023,4.27,-73,0
6024,3.89,-70,0
6025,3.5,-67,0
6026,3.96,-80,0
6027,4.77,-70,0
6028,4.62,-66,0
6029,4.52,-73,0
6030,3.54,-76,0
6031,4.29,-64,0
6032,4.52,-64,0
6033,4.34,-64,0
6034,0.04,-76,1
6035,3.7,-63,0
6036,4.14,-68,0
6037,3.6,-65,0
6038,4.71,-56,0
6039,4.43,-77,0
6040,4.66,-75,0
6041,4.03,-72,0
6042,3.87,-80,0
6043,3.95,-56,0
6044,4.54,-67,0
6045,3.04,-80,0
6046,3.01,-59,0
6047,3.17,-55,0
6048,3.04,-72,0
6049,3.79,-58,0
6050,4.86,-53,0
6051,4.96,-50,0
6052,4.36,-64,0
6053,3.99,-67,0
6054,3.26,-77,0
6055,4.32,-72,0
6056,3.0,-56,0
6057,4.75,-66,0
6058,4.79,-58,0
6059,3.29,-50,0
6060,3.27,-54,0
6061,3.53,-67,0
6062,3.97,-80,0
6063,3.65,-71,0
6064,3.88,-78,0
6065,4.3,-63,0
6066,3.62,-77,0
6067,3.69,-66,0
6068,4.72,-72,0
6069,4.8,-79,0
6070,3.52,-58,0
6071,4.31,-57,0
6072,4.97,-71,0
6073,3.3,-63,0
6074,2.4,-55,1
6075,3.55,-72,0
6076,3.23,-94,1
6077,3.84,-63,0
6078,3.17,-69,0
6079,3.42,-64,0
6080,3.14,-55,0
6081,3.57,-78,0
6082,4.44,-67,0
6083,3.37,-67,0
6084,4.13,-56,0
6085,4.23,-69,0
6086,4.1,-56,0
6087,3.74,-59,0
6088,3.9,-78,0
6089,4.31,-60,0
6090,4.07,-61,0
6091,3.23,-97,1
6092,3.42,-60,0
6093,3.31,-68,0
6094,3.63,-62,0
6095,2.91,-68,1
6096,3.75,-79,0
6097,3.31,-79,0
6098,3.75,-62,0
6099,3.22,-53,0
6100,4.49,-96,1
6101,4.8,-69,0
6102,2.8,-76,1
6103,4.91,-67,0
6104,3.49,-59,0
6105,3.16,-75,0
6106,3.63,-53,0
6107,3.5,-91,1
6108,4.36,-55,0
6109,3.91,-55,0
6110,4.14,-53,0
6111,3.06,-64,0
6112,4.09,-78,0
6113,3.46,-79,0
6114,4.5,-65,0
6115,4.21,-62,0
6116,3.18,-78,0
6117,4.2,-53,0
6118,4.04,-80,0
6119,0.71,-55,1
6120,4.16,-71,0
6121,4.81,-78,0
6122,4.44,-55,0
6123,3.78,-80,0
6124,4.62,-50,0
6125,4.82,-53,0
6126,4.7,-55,0
6127,3.75,-80,0
6128,4.15,-61,0
6129,3.39,-72,0
6130,4.89,-50,0
6131,4.56,-51,0
6132,4.05,-66,0
6133,3.17,-67,0
6134,4.44,-98,1
6135,3.39,-62,0
6136,4.14,-50,0
6137,3.2,-76,0
6138,3.79,-51,0
6139,4.89,-97,1
6140,4.23,-75,0
6141,4.86,-75,0
6142,3.4,-71,0
6143,4.85,-69,0
6144,4.3,-53,0
6145,3.25,-73,0
6146,3.14,-77,0
6147,3.46,-60,0
6148,3.86,-65,0
6149,1.31,-60,1
6150,3.56,-76,0
6151,3.71,-65,0
6152,4.45,-96,1
6153,3.79,-67,0
6154,4.64,-79,0
6155,4.37,-50,0
6156,3.44,-62,0
6157,4.39,-79,0
6158,3.84,-56,0
6159,4.22,-77,0
6160,3.36,-96,1
6161,3.2,-67,0
6162,3.29,-71,0
6163,4.28,-62,0
6164,4.76,-78,0
6165,3.6,-58,0
6166,3.13,-51,0
6167,4.47,-79,0
6168,4.22,-76,0
6169,3.58,-55,0
6170,4.47,-60,0
6171,4.13,-54,0
6172,0.49,-50,1
6173,4.2,-68,0
6174,4.21,-61,0
6175,4.43,-56,0
6176,3.48,-65,0
6177,3.87,-68,0
6178,3.47,-79,0
6179,3.69,-65,0
6180,3.74,-73,0
6181,4.86,-73,0
6182,3.91,-73,0
6183,3.22,-78,0
6184,3.41,-66,0
6185,4.02,-71,0
6186,2.56,-60,1
6187,3.68,-60,0
6188,4.95,-54,0
6189,3.07,-57,0
6190,3.61,-53,0
6191,3.52,-95,1
6192,3.23,-63,0
6193,4.94,-67,0
6194,4.27,-59,0
6195,3.33,-76,0
6196,4.46,-68,0
6197,4.75,-69,0
6198,3.95,-59,0
6199,3.06,-68,0
6200,4.33,-56,0
6201,4.4,-54,0
6202,3.63,-51,0
6203,4.59,-76,0
6204,4.62,-74,0
6205,3.67,-60,0
6206,3.7,-59,0
6207,4.81,-74,0
6208,3.57,-66,0
6209,4.36,-69,0
6210,3.96,-77,0
6211,4.7,-77,0
6212,4.15,-69,0
6213,4.58,-57,0
6214,3.7,-60,0
6215,4.02,-67,0
6216,3.78,-65,0
6217,3.23,-56,0
6218,3.45,-75,0
6219,3.32,-76,0
6220,4.19,-61,0
6221,4.5,-54,0
6222,2.5,-50,1
6223,4.11,-63,0
6224,3.63,-66,0
6225,3.44,-71,0
6226,3.96,-63,0
6227,4.97,-94,1
6228,4.31,-62,0
6229,3.82,-80,0
6230,4.86,-52,0
6231,3.42,-60,0
6232,3.96,-55,0
6233,4.11,-93,1
6234,4.32,-66,0
6235,3.2,-76,0
6236,4.36,-59,0
6237,4.45,-59,0
6238,3.83,-61,0
6239,1.18,-75,1
6240,4.59,-80,0
6241,3.17,-54,0
6242,3.87,-54,0
6243,2.96,-52,1
6244,4.45,-61,0
6245,4.54,-69,0
6246,3.22,-77,0
6247,4.89,-65,0
6248,4.58,-55,0
6249,3.87,-57,0
6250,3.45,-66,0
6251,3.33,-62,0
6252,2.1,-61,1
6253,4.01,-70,0
6254,3.03,-69,0
6255,4.02,-68,0
6256,4.29,-58,0
6257,4.16,-50,0
6258,3.83,-63,0
6259,4.96,-56,0
6260,3.17,-70,0
6261,4.51,-50,0
6262,3.44,-58,0
6263,3.63,-62,0
6264,3.78,-65,0
6265,2.59,-56,1
6266,4.22,-71,0
6267,3.76,-65,0
6268,3.49,-57,0
6269,4.25,-54,0
6270,3.04,-57,0
6271,3.08,-62,0
6272,4.26,-76,0
6273,3.23,-77,0
6274,4.09,-91,1
6275,4.79,-62,0
6276,3.51,-55,0
6277,3.5,-77,0
6278,3.63,-50,0
6279,3.51,-63,0
6280,3.34,-52,0
6281,3.88,-61,0
6282,4.27,-52,0
6283,4.51,-100,1
6284,4.25,-76,0
6285,4.6,-62,0
6286,3.17,-94,1
6287,4.88,-77,0
6288,3.7,-74,0
6289,4.12,-55,0
6290,1.96,-75,1
6291,4.68,-91,1
6292,3.22,-58,0
6293,3.73,-55,0
6294,4.35,-72,0
6295,3.74,-78,0
6296,4.16,-65,0
6297,3.36,-79,0
6298,4.88,-51,0
6299,3.06,-56,0
6300,4.66,-63,0
6301,3.48,-61,0
6302,4.02,-63,0
6303,0.08,-58,1
6304,4.17,-56,0
6305,3.77,-77,0
6306,3.27,-69,0
6307,3.67,-91,1
6308,4.59,-71,0
6309,3.24,-80,0
6310,4.46,-98,1
6311,4.53,-55,0
6312,3.87,-70,0
6313,4.74,-54,0
6314,1.25,-75,1
6315,3.67,-56,0
6316,4.14,-51,0
6317,4.74,-63,0
6318,4.79,-64,0
6319,3.64,-76,0
6320,3.79,-99,1
6321,3.27,-72,0
6322,3.58,-67,0
6323,4.4,-72,0
6324,4.85,-66,0
6325,3.51,-98,1
6326,4.0,-58,0
6327,3.32,-79,0
6328,4.17,-56,0
6329,3.52,-58,0
6330,3.59,-75,0
6331,3.73,-56,0
6332,4.98,-62,0
6333,3.4,-68,0
6334,4.8,-64,0
6335,4.0,-75,0
6336,3.16,-54,0
6337,3.7,-54,0
6338,4.56,-54,0
6339,3.33,-55,0
6340,4.51,-58,0
6341,4.16,-60,0
6342,4.72,-59,0
6343,3.97,-54,0
6344,3.27,-77,0
6345,3.46,-63,0
6346,3.81,-50,0
6347,4.25,-71,0
6348,2.98,-71,1
6349,4.39,-65,0
6350,3.58,-60,0
6351,4.69,-71,0
6352,3.63,-66,0
6353,4.1,-51,0
6354,3.02,-62,0
6355,4.52,-74,0
6356,4.97,-72,0
6357,4.49,-51,0
6358,3.37,-69,0
6359,0.52,-73,1
6360,3.25,-75,0
6361,4.57,-59,0
6362,3.15,-77,0
6363,4.11,-65,0
6364,3.23,-62,0
6365,3.15,-71,0
6366,4.12,-54,0
6367,4.73,-51,0
6368,3.4,-67,0
6369,4.69,-61,0
6370,3.95,-57,0
6371,3.12,-63,0
6372,3.52,-51,0
6373,3.3,-52,0
6374,3.61,-66,0
6375,3.65,-62,0
6376,4.09,-55,0
6377,4.56,-61,0
6378,3.44,-58,0
6379,3.29,-56,0
6380,1.96,-52,1
6381,3.12,-78,0
6382,3.1,-74,0
6383,4.04,-66,0
6384,3.07,-96,1
6385,3.85,-97,1
6386,3.11,-78,0
6387,3.43,-50,0
6388,3.58,-62,0
6389,3.21,-68,0
6390,4.53,-52,0
6391,3.09,-66,0
6392,4.49,-74,0
6393,4.6,-63,0
6394,4.56,-70,0
6395,4.86,-55,0
6396,4.5,-54,0
6397,3.76,-78,0
6398,4.56,-79,0
6399,4.17,-79,0
6400,3.39,-90,1
6401,4.78,-78,0
6402,3.04,-52,0
6403,4.65,-58,0
6404,4.42,-75,0
6405,4.76,-55,0
6406,3.78,-55,0
6407,3.45,-63,0
6408,3.12,-78,0
6409,3.8,-66,0
6410,3.42,-60,0
6411,4.34,-76,0
6412,3.43,-61,0
6413,3.84,-70,0
6414,4.73,-79,0
6415,3.9,-56,0
6416,3.31,-79,0
6417,4.92,-73,0
6418,3.16,-71,0
6419,3.9,-64,0
6420,3.33,-58,0
6421,3.13,-77,0
6422,3.75,-57,0
6423,3.43,-65,0
6424,4.69,-56,0
6425,3.71,-60,0
6426,4.04,-56,0
6427,4.76,-77,0
6428,4.33,-51,0
6429,3.29,-50,0
6430,4.85,-67,0
6431,4.08,-95,1
6432,3.16,-61,0
6433,3.94,-64,0
6434,4.06,-68,0
6435,4.31,-77,0
6436,4.09,-77,0
6437,3.09,-52,0
6438,0.59,-67,1
6439,3.8,-64,0
6440,3.89,-54,0
6441,3.09,-54,0
6442,4.99,-76,0
6443,4.44,-80,0
6444,3.3,-52,0
6445,4.36,-64,0
6446,4.72,-52,0
6447,3.17,-78,0
6448,3.41,-76,0
6449,4.74,-68,0
6450,4.89,-90,1
6451,4.49,-50,0
6452,3.98,-79,0
6453,4.77,-56,0
6454,4.34,-72,0
6455,4.78,-65,0
6456,3.75,-70,0
6457,4.68,-80,0
6458,4.32,-64,0
6459,0.76,-57,1
6460,4.42,-60,0
6461,4.84,-80,0
6462,4.31,-63,0
6463,4.46,-51,0
6464,4.02,-77,0
6465,4.29,-60,0
6466,3.92,-73,0
6467,3.58,-59,0
6468,4.56,-53,0
6469,4.96,-74,0
6470,4.92,-66,0
6471,3.25,-61,0
6472,3.63,-57,0
6473,3.25,-63,0
6474,4.41,-57,0
6475,4.71,-63,0
6476,3.87,-66,0
6477,3.41,-70,0
6478,4.64,-59,0
6479,3.79,-75,0
6480,4.92,-94,1
6481,3.45,-58,0
6482,4.76,-68,0
6483,4.0,-71,0
6484,4.4,-74,0
6485,3.12,-62,0
6486,3.05,-77,0
6487,4.52,-59,0
6488,3.4,-74,0
6489,4.04,-62,0
6490,4.35,-80,0
6491,4.0,-73,0
6492,4.95,-69,0
6493,3.11,-71,0
6494,4.35,-56,0
6495,4.28,-59,0
6496,4.49,-78,0
6497,3.47,-51,0
6498,3.55,-64,0
6499,3.34,-55,0
6500,3.14,-63,0
6501,3.25,-50,0
6502,3.69,-55,0
6503,3.32,-71,0
6504,3.58,-64,0
6505,4.12,-79,0
6506,3.21,-76,0
6507,3.96,-58,0
6508,4.68,-61,0
6509,4.48,-70,0
6510,4.75,-94,1
6511,3.04,-61,0
6512,3.66,-59,0
6513,4.41,-72,0
6514,4.41,-71,0
6515,3.13,-67,0
6516,3.19,-69,0
6517,4.03,-66,0
6518,3.62,-78,0
6519,3.69,-54,0
6520,4.92,-55,0
6521,4.07,-59,0
6522,4.76,-59,0
6523,4.95,-75,0
6524,4.08,-62,0
6525,3.75,-55,0
6526,3.56,-67,0
6527,4.38,-60,0
6528,3.81,-65,0
6529,4.57,-62,0
6530,4.75,-80,0
6531,4.25,-79,0
6532,4.56,-50,0
6533,1.7,-53,1
6534,3.42,-68,0
6535,4.58,-70,0
6536,3.68,-67,0
6537,4.22,-94,1
6538,3.75,-68,0
6539,3.31,-53,0
6540,3.21,-59,0
6541,4.38,-98,1
6542,3.74,-78,0
6543,4.01,-55,0
6544,3.27,-98,1
6545,4.36,-54,0
6546,4.24,-76,0
6547,4.72,-55,0
6548,4.27,-73,0
6549,5.0,-57,0
6550,3.27,-50,0
6551,4.87,-59,0
6552,4.23,-57,0
6553,3.96,-91,1
6554,4.73,-77,0
6555,4.63,-56,0
6556,4.53,-67,0
6557,4.14,-52,0
6558,4.11,-52,0
6559,3.24,-75,0
6560,3.38,-56,0
6561,4.89,-69,0
6562,3.02,-56,0
6563,4.51,-50,0
6564,3.93,-67,0
6565,3.65,-61,0
6566,3.44,-58,0
6567,4.37,-63,0
6568,4.58,-100,1
6569,4.32,-55,0
6570,4.67,-72,0
6571,4.37,-71,0
6572,3.41,-63,0
6573,4.57,-55,0
6574,4.78,-77,0
6575,4.94,-54,0
6576,4.07,-60,0
6577,4.11,-67,0
6578,4.02,-91,1
6579,4.9,-57,0
6580,3.75,-63,0
6581,4.81,-63,0
6582,4.91,-66,0
6583,4.68,-59,0
6584,4.88,-99,1
6585,3.33,-53,0
6586,3.81,-65,0
6587,4.26,-68,0
6588,4.18,-56,0
6589,3.91,-58,0
6590,3.87,-62,0
6591,3.03,-62,0
6592,4.31,-70,0
6593,3.21,-51,0
6594,4.4,-51,0
6595,4.13,-62,0
6596,4.44,-68,0
6597,3.85,-63,0
6598,3.21,-73,0
6599,1.31,-63,1
6600,4.3,-69,0
6601,3.77,-74,0
6602,3.59,-64,0
6603,3.87,-75,0
6604,2.29,-67,1
6605,3.02,-77,0
6606,4.87,-77,0
6607,4.89,-80,0
6608,4.69,-65,0
6609,4.87,-79,0
6610,4.79,-61,0
6611,3.71,-69,0
6612,3.25,-71,0
6613,4.36,-72,0
6614,4.52,-74,0
6615,4.1,-77,0
6616,3.05,-75,0
6617,4.19,-67,0
6618,3.36,-77,0
6619,3.97,-75,0
6620,3.49,-70,0
6621,4.29,-76,0
6622,4.52,-99,1
6623,4.72,-74,0
6624,1.77,-62,1
6625,3.1,-63,0
6626,4.49,-51,0
6627,4.41,-72,0
6628,4.77,-55,0
6629,4.32,-58,0
6630,4.74,-68,0
6631,4.79,-76,0
6632,4.54,-76,0
6633,4.8,-61,0
6634,4.16,-67,0
6635,3.55,-53,0
6636,4.17,-55,0
6637,2.73,-66,1
6638,4.67,-54,0
6639,4.46,-59,0
6640,3.97,-79,0
6641,3.17,-67,0
6642,3.38,-60,0
6643,3.47,-66,0
6644,4.78,-67,0
6645,4.65,-69,0
6646,3.72,-75,0
6647,4.34,-51,0
6648,3.49,-53,0
6649,3.81,-64,0
6650,3.09,-72,0
6651,3.3,-59,0
6652,3.0,-79,0
6653,3.93,-91,1
6654,4.21,-54,0
6655,2.09,-72,1
6656,4.38,-50,0
6657,4.27,-51,0
6658,3.16,-91,1
6659,4.55,-66,0
6660,3.28,-79,0
6661,3.41,-52,0
6662,3.69,-63,0
6663,4.01,-70,0
6664,4.25,-72,0
6665,4.14,-74,0
6666,3.67,-52,0
6667,1.79,-77,1
6668,3.21,-68,0
6669,1.0,-68,1
6670,3.89,-80,0
6671,3.96,-57,0
6672,4.24,-73,0
6673,3.38,-53,0
6674,3.17,-62,0
6675,3.71,-62,0
6676,4.78,-76,0
6677,4.74,-91,1
6678,3.83,-52,0
6679,4.84,-72,0
6680,3.23,-51,0
6681,4.27,-73,0
6682,3.71,-67,0
6683,4.37,-53,0
6684,3.99,-65,0
6685,4.5,-98,1
6686,3.65,-64,0
6687,4.55,-56,0
6688,4.26,-80,0
6689,4.27,-68,0
6690,4.3,-71,0
6691,3.84,-57,0
6692,3.66,-69,0
6693,3.63,-61,0
6694,4.91,-70,0
6695,1.72,-59,1
6696,4.12,-73,0
6697,3.76,-68,0
6698,3.02,-64,0
6699,3.44,-77,0
6700,3.31,-50,0
6701,4.34,-70,0
6702,4.12,-94,1
6703,4.79,-71,0
6704,3.09,-79,0
6705,4.03,-77,0
6706,3.64,-73,0
6707,4.57,-65,0
6708,3.84,-76,0
6709,4.26,-77,0
6710,3.51,-69,0
6711,2.3,-58,1
6712,0.47,-71,1
6713,4.7,-77,0
6714,3.67,-72,0
6715,3.31,-61,0
6716,4.2,-78,0
6717,3.63,-57,0
6718,4.47,-54,0
6719,4.93,-62,0
6720,3.09,-50,0
6721,4.87,-72,0
6722,4.43,-59,0
6723,4.89,-63,0
6724,4.2,-79,0
6725,4.24,-79,0
6726,4.35,-76,0
6727,3.88,-52,0
6728,4.55,-54,0
6729,3.79,-69,0
6730,3.95,-61,0
6731,1.89,-61,1
6732,3.45,-75,0
6733,4.34,-69,0
6734,3.54,-66,0
6735,4.58,-61,0
6736,4.44,-68,0
6737,3.1,-64,0
6738,3.74,-71,0
6739,4.56,-54,0
6740,4.52,-52,0
6741,3.75,-90,1
6742,4.27,-57,0
6743,4.28,-74,0
6744,4.78,-77,0
6745,3.73,-79,0
6746,5.0,-60,0
6747,4.26,-50,0
6748,4.92,-78,0
6749,4.88,-92,1
6750,4.19,-60,0
6751,3.08,-57,0
6752,3.79,-57,0
6753,3.88,-52,0
6754,4.48,-50,0
6755,3.07,-69,0
6756,3.73,-54,0
6757,4.22,-54,0
6758,4.01,-59,0
6759,3.86,-59,0
6760,4.83,-67,0
6761,4.2,-75,0
6762,3.65,-73,0
6763,4.25,-54,0
6764,0.04,-77,1
6765,4.51,-65,0
6766,3.95,-55,0
6767,3.74,-68,0
6768,4.24,-72,0
6769,4.81,-75,0
6770,3.46,-79,0
6771,3.7,-69,0
6772,3.82,-71,0
6773,4.03,-77,0
6774,4.06,-69,0
6775,4.06,-59,0
6776,4.01,-61,0
6777,3.07,-54,0
6778,3.19,-54,0
6779,3.76,-67,0
6780,0.67,-60,1
6781,3.49,-69,0
6782,3.76,-66,0
6783,3.63,-69,0
6784,4.91,-60,0
6785,3.8,-69,0
6786,3.39,-57,0
6787,4.35,-63,0
6788,3.53,-79,0
6789,3.35,-73,0
6790,3.14,-59,0
6791,3.85,-62,0
6792,4.39,-55,0
6793,4.72,-52,0
6794,4.4,-68,0
6795,3.4,-100,1
6796,4.96,-95,1
6797,3.39,-77,0
6798,4.31,-63,0
6799,4.92,-69,0
6800,4.14,-79,0
6801,3.72,-55,0
6802,4.68,-97,1
6803,4.86,-73,0
6804,4.79,-76,0
6805,3.33,-93,1
6806,4.18,-67,0
6807,4.17,-54,0
6808,3.42,-63,0
6809,4.51,-71,0
6810,4.1,-64,0
6811,4.44,-59,0
6812,3.41,-50,0
6813,4.73,-54,0
6814,4.61,-50,0
6815,3.64,-54,0
6816,3.15,-74,0
6817,3.2,-68,0
6818,3.7,-63,0
6819,3.38,-60,0
6820,3.04,-64,0
6821,3.82,-70,0
6822,3.73,-57,0
6823,3.78,-58,0
6824,0.98,-77,1
6825,4.78,-64,0
6826,4.43,-50,0
6827,3.77,-92,1
6828,3.2,-50,0
6829,4.15,-59,0
6830,3.56,-62,0
6831,3.65,-94,1
6832,3.6,-56,0
6833,4.79,-64,0
6834,3.29,-72,0
6835,3.12,-63,0
6836,1.95,-53,1
6837,3.43,-77,0
6838,4.51,-66,0
6839,3.43,-98,1
6840,4.7,-67,0
6841,4.07,-95,1
6842,4.31,-78,0
6843,4.45,-53,0
6844,4.14,-53,0
6845,1.44,-67,1
6846,4.43,-79,0
6847,1.98,-57,1
6848,4.17,-76,0
6849,4.32,-71,0
6850,4.71,-56,0
6851,3.71,-63,0
6852,4.7,-69,0
6853,3.46,-74,0
6854,4.31,-69,0
6855,4.86,-76,0
6856,4.23,-60,0
6857,4.27,-76,0
6858,0.04,-78,1
6859,4.79,-62,0
6860,3.54,-55,0
6861,3.5,-55,0
6862,1.01,-68,1
6863,3.34,-63,0
6864,3.09,-79,0
6865,4.33,-59,0
6866,3.56,-71,0
6867,3.06,-79,0
6868,3.13,-76,0
6869,4.12,-58,0
6870,4.43,-59,0
6871,4.8,-96,1
6872,4.75,-79,0
6873,3.23,-59,0
6874,4.45,-80,0
6875,3.4,-65,0
6876,4.97,-54,0
6877,3.54,-96,1
6878,4.39,-51,0
6879,4.88,-59,0
6880,4.67,-67,0
6881,4.73,-75,0
6882,3.31,-53,0
6883,4.42,-71,0
6884,3.97,-64,0
6885,4.6,-72,0
6886,4.56,-69,0
6887,3.31,-79,0
6888,3.34,-79,0
6889,4.83,-64,0
6890,4.19,-71,0
6891,3.15,-53,0
6892,3.32,-75,0
6893,1.48,-70,1
6894,3.11,-59,0
6895,4.15,-50,0
6896,4.04,-50,0
6897,4.83,-76,0
6898,3.16,-53,0
6899,3.1,-72,0
6900,3.75,-73,0
6901,3.68,-80,0
6902,4.03,-61,0
6903,3.04,-51,0
6904,3.68,-68,0
6905,3.26,-65,0
6906,4.47,-57,0
6907,4.32,-71,0
6908,3.11,-53,0
6909,3.52,-50,0
6910,4.17,-73,0
6911,1.23,-58,1
6912,3.87,-53,0
6913,4.5,-74,0
6914,3.13,-66,0
6915,3.3,-53,0
6916,3.97,-51,0
6917,3.99,-78,0
6918,4.46,-76,0
6919,4.46,-100,1
6920,3.35,-51,0
6921,2.06,-60,1
6922,4.23,-75,0
6923,3.92,-72,0
6924,4.36,-66,0
6925,4.22,-64,0
6926,3.89,-74,0
6927,3.73,-77,0
6928,3.34,-79,0
6929,3.9,-60,0
6930,4.3,-80,0
6931,4.51,-59,0
6932,3.24,-78,0
6933,3.46,-54,0
6934,4.17,-53,0
6935,3.11,-77,0
6936,4.96,-53,0
6937,3.53,-59,0
6938,3.17,-71,0
6939,3.35,-75,0
6940,4.62,-77,0
6941,4.51,-99,1
6942,4.2,-73,0
6943,3.77,-71,0
6944,4.64,-76,0
6945,4.64,-58,0
6946,4.09,-53,0
6947,3.81,-52,0
6948,4.77,-67,0
6949,4.28,-70,0
6950,3.56,-51,0
6951,4.94,-53,0
6952,4.65,-79,0
6953,4.53,-67,0
6954,3.56,-55,0
6955,4.38,-63,0
6956,3.25,-80,0
6957,4.2,-64,0
6958,4.32,-80,0
6959,3.91,-58,0
6960,4.41,-78,0
6961,3.06,-96,1
6962,3.04,-50,0
6963,3.46,-56,0
6964,3.3,-61,0
6965,4.58,-75,0
6966,4.25,-59,0
6967,4.29,-67,0
6968,4.85,-60,0
6969,4.26,-59,0
6970,4.92,-63,0
6971,4.02,-63,0
6972,4.34,-64,0
6973,4.78,-61,0
6974,4.24,-63,0
6975,3.24,-63,0
6976,4.55,-66,0
6977,3.6,-55,0
6978,4.55,-56,0
6979,4.86,-76,0
6980,4.84,-53,0
6981,3.45,-78,0
6982,3.9,-56,0
6983,4.53,-51,0
6984,3.66,-93,1
6985,4.7,-52,0
6986,4.06,-65,0
6987,3.49,-73,0
6988,4.96,-77,0
6989,4.51,-74,0
6990,0.67,-61,1
6991,3.17,-73,0
6992,3.77,-64,0
6993,4.68,-63,0
6994,4.66,-76,0
6995,3.02,-69,0
6996,3.43,-73,0
6997,4.84,-72,0
6998,3.63,-79,0
6999,3.76,-75,0
7000,4.75,-50,0
7001,4.97,-54,0
7002,4.93,-68,0
7003,4.85,-78,0
7004,4.34,-79,0
7005,3.94,-62,0
7006,3.95,-80,0
7007,4.52,-93,1
7008,3.98,-72,0
7009,4.03,-57,0
7010,3.12,-70,0
7011,1.1,-75,1
7012,3.85,-94,1
7013,4.96,-56,0
7014,3.12,-78,0
7015,3.55,-52,0
7016,3.51,-99,1
7017,3.57,-64,0
7018,2.3,-71,1
7019,4.43,-58,0
7020,4.07,-59,0
7021,3.05,-90,1
7022,3.13,-77,0
7023,4.56,-57,0
7024,3.78,-67,0
7025,1.01,-52,1
7026,4.06,-71,0
7027,4.64,-92,1
7028,3.87,-58,0
7029,4.96,-72,0
7030,4.4,-72,0
7031,4.45,-60,0
7032,3.01,-59,0
7033,0.96,-77,1
7034,4.91,-76,0
7035,4.33,-65,0
7036,3.9,-63,0
7037,3.56,-76,0
7038,3.97,-55,0
7039,3.89,-79,0
7040,4.54,-57,0
7041,4.44,-63,0
7042,4.47,-76,0
7043,4.93,-53,0
7044,4.77,-50,0
7045,4.33,-51,0
7046,4.49,-51,0
7047,4.39,-51,0
7048,3.9,-58,0
7049,4.15,-60,0
7050,3.27,-78,0
7051,3.85,-73,0
7052,3.3,-55,0
7053,3.03,-60,0
7054,4.39,-72,0
7055,4.42,-61,0
7056,3.89,-72,0
7057,4.37,-76,0
7058,3.41,-59,0
7059,3.95,-68,0
7060,4.81,-62,0
7061,4.06,-78,0
7062,4.33,-60,0
7063,3.62,-51,0
7064,4.39,-70,0
7065,3.94,-71,0
7066,3.52,-62,0
7067,3.21,-78,0
7068,3.54,-77,0
7069,3.54,-70,0
7070,0.42,-58,1
7071,3.8,-52,0
7072,4.3,-67,0
7073,3.05,-70,0
7074,4.28,-51,0
7075,4.27,-68,0
7076,4.83,-98,1
7077,3.11,-80,0
7078,4.34,-78,0
7079,3.05,-74,0
7080,3.29,-76,0
7081,0.42,-65,1
7082,4.58,-60,0
7083,4.97,-54,0
7084,3.81,-66,0
7085,3.6,-72,0
7086,4.82,-77,0
7087,4.59,-57,0
7088,3.3,-57,0
7089,2.63,-75,1
7090,4.38,-54,0
7091,3.76,-62,0
7092,3.57,-69,0
7093,3.37,-51,0
7094,4.58,-51,0
7095,3.01,-77,0
7096,4.98,-53,0
7097,4.06,-55,0
7098,4.21,-71,0
7099,4.37,-54,0
7100,4.66,-80,0
7101,3.28,-66,0
7102,3.86,-63,0
7103,4.78,-61,0
7104,3.36,-78,0
7105,3.39,-61,0
7106,3.66,-54,0
7107,4.55,-78,0
7108,3.31,-69,0
7109,3.1,-56,0
7110,3.04,-70,0
7111,1.72,-70,1
7112,4.08,-59,0
7113,3.42,-65,0
7114,3.36,-59,0
7115,4.19,-91,1
7116,3.99,-54,0
7117,3.2,-58,0
7118,4.39,-80,0
7119,4.7,-65,0
7120,4.12,-50,0
7121,3.61,-68,0
7122,3.15,-51,0
7123,4.51,-51,0
7124,4.39,-55,0
7125,4.32,-75,0
7126,4.48,-64,0
7127,3.35,-63,0
7128,3.47,-68,0
7129,4.57,-76,0
7130,3.21,-55,0
7131,4.95,-63,0
7132,3.16,-68,0
7133,4.59,-70,0
7134,3.74,-52,0
7135,3.76,-58,0
7136,4.11,-80,0
7137,3.53,-56,0
7138,3.64,-70,0
7139,4.43,-69,0
7140,4.3,-59,0
7141,4.87,-61,0
7142,4.61,-69,0
7143,3.94,-60,0
7144,3.73,-77,0
7145,3.66,-51,0
7146,3.04,-75,0
7147,3.84,-57,0
7148,4.61,-59,0
7149,3.66,-52,0
7150,4.41,-69,0
7151,3.33,-91,1
7152,3.59,-65,0
7153,4.77,-68,0
7154,3.23,-77,0
7155,3.02,-61,0
7156,4.21,-73,0
7157,4.61,-66,0
7158,3.19,-69,0
7159,3.99,-58,0
7160,3.93,-66,0
7161,4.21,-64,0
7162,3.33,-66,0
7163,3.96,-76,0
7164,4.77,-57,0
7165,3.45,-54,0
7166,4.21,-80,0
7167,3.79,-54,0
7168,3.05,-54,0
7169,4.92,-71,0
7170,4.74,-50,0
7171,3.5,-57,0
7172,1.33,-77,1
7173,4.81,-64,0
7174,4.12,-79,0
7175,4.75,-56,0
7176,4.06,-73,0
7177,3.44,-75,0
7178,3.97,-59,0
7179,4.86,-100,1
7180,3.6,-80,0
7181,4.24,-71,0
7182,4.92,-52,0
7183,4.72,-80,0
7184,4.88,-64,0
7185,4.36,-73,0
7186,2.06,-67,1
7187,3.34,-76,0
7188,4.5,-79,0
7189,3.87,-77,0
7190,4.38,-58,0
7191,3.13,-64,0
7192,4.01,-79,0
7193,3.19,-61,0
7194,3.85,-75,0
7195,3.4,-62,0
7196,4.3,-99,1
7197,4.17,-62,0
7198,3.59,-67,0
7199,4.45,-60,0
7200,3.54,-79,0
7201,3.32,-73,0
7202,2.76,-71,1
7203,3.37,-80,0
7204,3.1,-59,0
7205,3.1,-59,0
7206,4.06,-73,0
7207,4.1,-60,0
7208,3.57,-67,0
7209,4.14,-63,0
7210,3.09,-53,0
7211,4.85,-57,0
7212,4.11,-58,0
7213,4.1,-58,0
7214,4.56,-80,0
7215,3.48,-59,0
7216,4.25,-61,0
7217,4.16,-60,0
7218,4.52,-95,1
7219,3.35,-73,0
7220,3.23,-54,0
7221,2.73,-80,1
7222,3.37,-52,0
7223,2.04,-72,1
7224,3.8,-63,0
7225,4.15,-52,0
7226,3.95,-78,0
7227,4.36,-76,0
7228,3.81,-77,0
7229,3.82,-58,0
7230,3.94,-57,0
7231,3.05,-80,0
7232,4.97,-67,0
7233,4.86,-78,0
7234,4.24,-61,0
7235,3.23,-55,0
7236,1.36,-69,1
7237,3.43,-57,0
7238,3.43,-79,0
7239,3.49,-62,0
7240,4.63,-71,0
7241,4.31,-51,0
7242,3.03,-50,0
7243,3.84,-54,0
7244,3.28,-60,0
7245,4.94,-71,0
7246,3.6,-78,0
7247,4.92,-77,0
7248,4.81,-60,0
7249,0.53,-74,1
7250,4.32,-61,0
7251,4.09,-76,0
7252,3.86,-73,0
7253,4.61,-68,0
7254,3.0,-59,0
7255,3.19,-80,0
7256,3.1,-73,0
7257,4.19,-55,0
7258,3.98,-52,0
7259,4.59,-56,0
7260,3.34,-55,0
7261,3.85,-59,0
7262,4.03,-50,0
7263,2.94,-63,1
7264,3.33,-67,0
7265,4.9,-56,0
7266,3.8,-65,0
7267,4.22,-57,0
7268,4.44,-51,0
7269,3.26,-74,0
7270,4.81,-64,0
7271,3.11,-61,0
7272,4.3,-72,0
7273,4.96,-51,0
7274,3.09,-54,0
7275,3.87,-71,0
7276,4.04,-69,0
7277,3.94,-55,0
7278,3.92,-69,0
7279,4.37,-59,0
7280,3.15,-50,0
7281,4.64,-56,0
7282,3.38,-67,0
7283,4.27,-72,0
7284,3.61,-90,1
7285,3.13,-71,0
7286,4.08,-63,0
7287,3.87,-93,1
7288,4.05,-60,0
7289,4.42,-67,0
7290,3.6,-71,0
7291,3.97,-50,0
7292,3.2,-78,0
7293,4.92,-61,0
7294,3.52,-62,0
7295,3.14,-93,1
7296,3.18,-78,0
7297,3.66,-78,0
7298,4.76,-76,0
7299,4.86,-67,0
7300,3.46,-75,0
7301,4.3,-72,0
7302,4.55,-76,0
7303,3.93,-69,0
7304,4.08,-69,0
7305,3.86,-63,0
7306,4.83,-55,0
7307,4.44,-78,0
7308,3.08,-54,0
7309,3.21,-67,0
7310,4.23,-76,0
7311,4.85,-73,0
7312,4.66,-72,0
7313,3.55,-52,0
7314,4.84,-50,0
7315,3.91,-61,0
7316,3.56,-53,0
7317,3.55,-59,0
7318,3.5,-61,0
7319,3.48,-70,0
7320,4.61,-65,0
7321,4.38,-57,0
7322,3.11,-55,0
7323,3.28,-55,0
7324,3.68,-79,0
7325,3.71,-53,0
7326,3.2,-63,0
7327,3.29,-80,0
7328,4.39,-69,0
7329,4.25,-57,0
7330,4.32,-62,0
7331,4.35,-72,0
7332,5.0,-57,0
7333,3.79,-53,0
7334,3.8,-60,0
7335,3.2,-62,0
7336,3.23,-60,0
7337,4.44,-53,0
7338,4.05,-80,0
7339,3.96,-68,0
7340,4.74,-93,1
7341,4.72,-76,0
7342,4.93,-91,1
7343,4.24,-64,0
7344,3.02,-57,0
7345,4.28,-77,0
7346,4.72,-63,0
7347,4.24,-79,0
7348,3.69,-58,0
7349,3.27,-74,0
7350,3.77,-66,0
7351,4.7,-60,0
7352,3.43,-67,0
7353,4.47,-56,0
7354,3.25,-56,0
7355,4.9,-74,0
7356,4.24,-51,0
7357,2.7,-68,1
7358,3.33,-74,0
7359,4.64,-65,0
7360,3.75,-79,0
7361,3.25,-98,1
7362,3.52,-77,0
7363,3.01,-60,0
7364,3.9,-51,0
7365,3.15,-68,0
7366,3.46,-55,0
7367,4.76,-74,0
7368,3.01,-51,0
7369,3.1,-59,0
7370,3.94,-54,0
7371,3.78,-80,0
7372,4.14,-57,0
7373,3.1,-97,1
7374,4.24,-63,0
7375,3.77,-75,0
7376,4.16,-59,0
7377,4.46,-57,0
7378,0.08,-57,1
7379,3.66,-78,0
7380,4.15,-61,0
7381,4.14,-53,0
7382,3.15,-66,0
7383,3.07,-77,0
7384,4.77,-50,0
7385,3.6,-60,0
7386,3.6,-78,0
7387,3.48,-56,0
7388,3.55,-61,0
7389,4.56,-58,0
7390,3.49,-53,0
7391,0.29,-61,1
7392,4.94,-65,0
7393,3.43,-60,0
7394,4.05,-63,0
7395,3.52,-51,0
7396,3.32,-57,0
7397,4.59,-80,0
7398,4.7,-66,0
7399,4.73,-69,0
7400,4.17,-65,0
7401,3.49,-53,0
7402,3.35,-51,0
7403,3.27,-57,0
7404,4.03,-52,0
7405,3.42,-53,0
7406,3.98,-75,0
7407,4.87,-71,0
7408,3.65,-92,1
7409,4.72,-70,0
7410,3.85,-51,0
7411,4.02,-72,0
7412,4.28,-77,0
7413,3.74,-61,0
7414,3.61,-68,0
7415,4.14,-55,0
7416,4.82,-73,0
7417,3.61,-62,0
7418,4.63,-70,0
7419,3.19,-80,0
7420,3.78,-56,0
7421,3.21,-68,0
7422,4.25,-69,0
7423,3.79,-77,0
7424,4.98,-78,0
7425,3.31,-64,0
7426,4.88,-64,0
7427,4.09,-59,0
7428,4.35,-66,0
7429,4.92,-78,0
7430,3.95,-57,0
7431,3.9,-61,0
7432,4.5,-75,0
7433,4.69,-67,0
7434,3.57,-75,0
7435,4.73,-92,1
7436,4.52,-62,0
7437,3.45,-58,0
7438,4.45,-66,0
7439,3.55,-92,1
7440,3.49,-64,0
7441,3.08,-52,0
7442,4.37,-71,0
7443,0.29,-75,1
7444,3.08,-80,0
7445,4.67,-71,0
7446,4.79,-70,0
7447,3.11,-52,0
7448,3.89,-76,0
7449,4.89,-61,0
7450,4.26,-56,0
7451,3.16,-61,0
7452,4.47,-73,0
7453,3.83,-75,0
7454,4.29,-77,0
7455,3.27,-70,0
7456,4.89,-64,0
7457,2.49,-50,1
7458,3.13,-69,0
7459,4.08,-73,0
7460,4.14,-52,0
7461,4.68,-76,0
7462,4.44,-67,0
7463,0.94,-66,1
7464,3.77,-69,0
7465,4.93,-68,0
7466,4.5,-73,0
7467,4.06,-73,0
7468,4.12,-78,0
7469,3.69,-72,0
7470,4.27,-67,0
7471,3.95,-53,0
7472,3.11,-67,0
7473,4.9,-65,0
7474,4.21,-77,0
7475,4.58,-50,0
7476,4.5,-62,0
7477,4.3,-59,0
7478,1.41,-74,1
7479,4.4,-58,0
7480,3.28,-67,0
7481,4.91,-67,0
7482,4.25,-75,0
7483,3.98,-74,0
7484,3.11,-61,0
7485,4.25,-68,0
7486,3.82,-73,0
7487,2.28,-73,1
7488,2.07,-80,1
7489,3.5,-77,0
7490,4.32,-63,0
7491,3.83,-55,0
7492,3.97,-52,0
7493,3.29,-64,0
7494,3.74,-62,0
7495,4.34,-71,0
7496,4.87,-75,0
7497,3.83,-59,0
7498,4.35,-76,0
7499,3.46,-64,0
7500,3.27,-56,0
7501,3.77,-60,0
7502,4.7,-66,0
7503,3.82,-58,0
7504,4.22,-64,0
7505,3.13,-75,0
7506,4.1,-72,0
7507,3.31,-57,0
7508,3.51,-53,0
7509,4.96,-79,0
7510,3.13,-59,0
7511,4.81,-71,0
7512,4.18,-80,0
7513,4.62,-64,0
7514,3.52,-70,0
7515,4.47,-57,0
7516,4.56,-71,0
7517,4.07,-63,0
7518,3.39,-72,0
7519,4.15,-68,0
7520,4.13,-51,0
7521,4.61,-56,0
7522,3.27,-53,0
7523,4.78,-79,0
7524,3.83,-76,0
7525,3.47,-78,0
7526,3.61,-62,0
7527,3.28,-62,0
7528,4.63,-52,0
7529,3.91,-55,0
7530,4.37,-76,0
7531,3.44,-67,0
7532,3.04,-95,1
7533,4.72,-61,0
7534,4.3,-60,0
7535,3.61,-51,0
7536,4.47,-69,0
7537,3.35,-64,0
7538,3.02,-70,0
7539,4.14,-66,0
7540,4.82,-64,0
7541,3.66,-78,0
7542,4.0,-59,0
7543,3.22,-67,0
7544,4.14,-74,0
7545,4.97,-78,0
7546,4.16,-62,0
7547,4.47,-79,0
7548,4.96,-78,0
7549,4.26,-95,1
7550,3.73,-65,0
7551,3.08,-71,0
7552,4.17,-75,0
7553,4.34,-73,0
7554,3.41,-79,0
7555,3.26,-73,0
7556,4.93,-53,0
7557,4.36,-72,0
7558,4.97,-64,0
7559,4.3,-70,0
7560,3.67,-56,0
7561,4.68,-55,0
7562,3.85,-64,0
7563,3.49,-69,0
7564,3.98,-99,1
7565,3.21,-62,0
7566,3.91,-54,0
7567,4.57,-65,0
7568,3.48,-52,0
7569,4.83,-71,0
7570,4.22,-66,0
7571,4.91,-57,0
7572,3.5,-60,0
7573,3.55,-72,0
7574,2.99,-50,1
7575,4.07,-52,0
7576,3.23,-72,0
7577,3.31,-69,0
7578,4.36,-71,0
7579,3.95,-80,0
7580,3.48,-76,0
7581,4.8,-63,0
7582,4.17,-59,0
7583,3.71,-62,0
7584,1.74,-63,1
7585,3.04,-55,0
7586,3.81,-65,0
7587,3.92,-94,1
7588,3.74,-53,0
7589,3.87,-53,0
7590,4.25,-70,0
7591,4.14,-55,0
7592,4.67,-71,0
7593,4.45,-76,0
7594,3.7,-69,0
7595,4.83,-53,0
7596,4.01,-68,0
7597,3.32,-100,1
7598,0.08,-92,1
7599,4.56,-55,0
7600,3.93,-56,0
7601,3.85,-59,0
7602,4.47,-93,1
7603,4.86,-71,0
7604,4.89,-93,1
7605,3.69,-55,0
7606,4.68,-58,0
7607,4.93,-66,0
7608,3.7,-51,0
7609,4.34,-96,1
7610,4.68,-52,0
7611,3.03,-77,0
7612,4.49,-56,0
7613,3.37,-63,0
7614,4.18,-55,0
7615,4.61,-63,0
7616,4.68,-66,0
7617,3.25,-65,0
7618,4.15,-62,0
7619,4.0,-62,0
7620,3.81,-97,1
7621,3.21,-80,0
7622,4.7,-54,0
7623,4.33,-52,0
7624,4.72,-73,0
7625,3.97,-51,0
7626,3.85,-80,0
7627,4.09,-80,0
7628,4.94,-59,0
7629,4.43,-64,0
7630,3.62,-76,0
7631,4.52,-68,0
7632,4.19,-54,0
7633,3.64,-50,0
7634,4.28,-61,0
7635,4.79,-67,0
7636,4.32,-58,0
7637,3.63,-53,0
7638,4.81,-51,0
7639,4.12,-74,0
7640,3.27,-59,0
7641,3.61,-70,0
7642,3.65,-51,0
7643,4.55,-76,0
7644,3.76,-80,0
7645,4.51,-73,0
7646,3.59,-67,0
7647,3.85,-100,1
7648,4.54,-58,0
7649,2.7,-73,1
7650,3.64,-65,0
7651,3.61,-66,0
7652,3.31,-69,0
7653,3.05,-67,0
7654,3.35,-62,0
7655,3.67,-53,0
7656,3.1,-64,0
7657,4.36,-78,0
7658,3.33,-76,0
7659,4.26,-70,0
7660,4.48,-77,0
7661,3.66,-78,0
7662,3.1,-93,1
7663,3.46,-64,0
7664,3.57,-67,0
7665,4.75,-97,1
7666,4.29,-62,0
7667,4.38,-75,0
7668,4.38,-61,0
7669,4.79,-50,0
7670,0.33,-74,1
7671,4.88,-52,0
7672,3.12,-50,0
7673,4.1,-65,0
7674,3.85,-73,0
7675,3.71,-72,0
7676,4.48,-70,0
7677,4.02,-56,0
7678,4.07,-63,0
7679,4.7,-77,0
7680,3.28,-75,0
7681,3.78,-76,0
7682,4.93,-73,0
7683,3.13,-62,0
7684,4.29,-55,0
7685,3.88,-67,0
7686,3.23,-79,0
7687,3.83,-50,0
7688,3.61,-75,0
7689,4.32,-64,0
7690,4.53,-79,0
7691,4.67,-55,0
7692,4.0,-61,0
7693,4.83,-63,0
7694,3.99,-62,0
7695,4.04,-68,0
7696,3.28,-61,0
7697,2.61,-73,1
7698,3.4,-64,0
7699,4.92,-78,0
7700,4.85,-75,0
7701,3.74,-65,0
7702,4.42,-76,0
7703,4.81,-55,0
7704,3.98,-72,0
7705,3.29,-61,0
7706,4.96,-63,0
7707,4.11,-71,0
7708,3.45,-50,0
7709,4.78,-65,0
7710,4.97,-66,0
7711,4.76,-52,0
7712,3.34,-79,0
7713,4.02,-64,0
7714,3.63,-69,0
7715,4.99,-56,0
7716,4.15,-54,0
7717,4.49,-50,0
7718,4.29,-62,0
7719,3.09,-64,0
7720,3.08,-51,0
7721,3.35,-52,0
7722,3.76,-63,0
7723,4.84,-75,0
7724,3.96,-78,0
7725,4.18,-67,0
7726,4.63,-58,0
7727,4.6,-52,0
7728,3.7,-75,0
7729,4.86,-59,0
7730,3.1,-77,0
7731,4.56,-80,0
7732,4.86,-59,0
7733,3.37,-59,0
7734,3.92,-54,0
7735,4.49,-59,0
7736,3.44,-60,0
7737,4.75,-62,0
7738,4.49,-73,0
7739,4.95,-56,0
7740,3.44,-79,0
7741,3.03,-58,0
7742,4.97,-60,0
7743,3.37,-60,0
7744,4.06,-60,0
7745,3.16,-62,0
7746,4.05,-69,0
7747,3.05,-53,0
7748,4.5,-50,0
7749,3.65,-53,0
7750,4.97,-53,0
7751,3.7,-54,0
7752,3.37,-72,0
7753,3.85,-65,0
7754,0.16,-56,1
7755,4.34,-76,0
7756,3.79,-57,0
7757,4.08,-71,0
7758,3.58,-95,1
7759,3.12,-72,0
7760,4.15,-75,0
7761,1.73,-60,1
7762,4.5,-68,0
7763,4.88,-60,0
7764,3.71,-74,0
7765,4.42,-67,0
7766,4.84,-50,0
7767,4.24,-70,0
7768,4.25,-51,0
7769,0.82,-93,1
7770,4.02,-91,1
7771,3.87,-75,0
7772,4.83,-70,0
7773,3.39,-59,0
7774,3.78,-71,0
7775,3.53,-73,0
7776,4.46,-58,0
7777,4.78,-54,0
7778,1.57,-53,1
7779,4.19,-71,0
7780,4.63,-76,0
7781,4.72,-59,0
7782,4.36,-74,0
7783,3.63,-71,0
7784,4.41,-65,0
7785,4.63,-55,0
7786,4.45,-61,0
7787,3.52,-67,0
7788,4.88,-72,0
7789,3.83,-59,0
7790,4.33,-79,0
7791,4.89,-61,0
7792,2.53,-80,1
7793,3.95,-70,0
7794,3.21,-51,0
7795,3.64,-76,0
7796,3.83,-60,0
7797,3.11,-76,0
7798,4.68,-57,0
7799,3.3,-66,0
7800,3.77,-62,0
7801,3.18,-94,1
7802,4.66,-73,0
7803,3.51,-59,0
7804,3.6,-50,0
7805,4.91,-60,0
7806,3.16,-55,0
7807,4.27,-58,0
7808,3.64,-57,0
7809,4.96,-59,0
7810,4.57,-50,0
7811,3.99,-62,0
7812,4.13,-54,0
7813,4.27,-76,0
7814,3.16,-59,0
7815,4.46,-57,0
7816,3.38,-59,0
7817,3.23,-78,0
7818,4.04,-80,0
7819,3.14,-70,0
7820,4.07,-79,0
7821,3.57,-52,0
7822,3.41,-72,0
7823,3.31,-74,0
7824,3.32,-74,0
7825,4.81,-63,0
7826,4.02,-77,0
7827,4.37,-72,0
7828,3.15,-67,0
7829,3.91,-67,0
7830,3.71,-66,0
7831,3.79,-60,0
7832,3.22,-63,0
7833,3.2,-69,0
7834,3.16,-95,1
7835,3.28,-55,0
7836,4.49,-58,0
7837,4.44,-57,0
7838,4.0,-75,0
7839,4.73,-51,0
7840,1.2,-75,1
7841,3.08,-76,0
7842,3.83,-74,0
7843,3.37,-57,0
7844,4.77,-51,0
7845,4.99,-77,0
7846,4.75,-50,0
7847,1.79,-54,1
7848,3.11,-75,0
7849,4.85,-73,0
7850,3.67,-51,0
7851,3.99,-60,0
7852,4.41,-58,0
7853,3.08,-68,0
7854,3.88,-60,0
7855,1.55,-57,1
7856,3.94,-50,0
7857,4.65,-74,0
7858,4.25,-50,0
7859,3.35,-67,0
7860,1.14,-63,1
7861,4.27,-70,0
7862,4.18,-78,0
7863,4.35,-77,0
7864,3.2,-55,0
7865,4.62,-96,1
7866,4.97,-72,0
7867,4.36,-61,0
7868,3.32,-52,0
7869,3.27,-74,0
7870,3.57,-64,0
7871,3.06,-97,1
7872,3.22,-50,0
7873,3.25,-78,0
7874,4.04,-80,0
7875,3.32,-69,0
7876,4.6,-72,0
7877,3.76,-70,0
7878,4.78,-71,0
7879,4.08,-56,0
7880,3.23,-57,0
7881,4.0,-59,0
7882,4.61,-72,0
7883,3.86,-67,0
7884,4.32,-56,0
7885,4.58,-55,0
7886,4.63,-70,0
7887,4.58,-73,0
7888,4.65,-73,0
7889,3.66,-98,1
7890,3.4,-79,0
7891,4.14,-61,0
7892,4.2,-59,0
7893,4.0,-68,0
7894,3.58,-79,0
7895,4.81,-62,0
7896,3.53,-62,0
7897,4.49,-60,0
7898,4.62,-62,0
7899,4.37,-96,1
7900,4.53,-51,0
7901,3.84,-75,0
7902,4.9,-58,0
7903,3.01,-61,0
7904,4.97,-77,0
7905,3.06,-55,0
7906,3.42,-73,0
7907,4.03,-78,0
7908,4.48,-70,0
7909,4.43,-91,1
7910,4.12,-96,1
7911,4.74,-67,0
7912,4.59,-56,0
7913,4.88,-51,0
7914,3.31,-54,0
7915,4.92,-77,0
7916,4.35,-57,0
7917,3.74,-77,0
7918,3.42,-75,0
7919,3.71,-53,0
7920,3.08,-72,0
7921,4.18,-59,0
7922,4.74,-90,1
7923,3.8,-59,0
7924,4.9,-71,0
7925,3.6,-63,0
7926,3.52,-71,0
7927,4.37,-64,0
7928,4.79,-71,0
7929,3.53,-95,1
7930,4.53,-70,0
7931,4.63,-54,0
7932,3.9,-58,0
7933,3.24,-65,0
7934,3.6,-50,0
7935,3.35,-70,0
7936,4.83,-68,0
7937,4.57,-63,0
7938,3.35,-53,0
7939,4.97,-60,0
7940,1.49,-60,1
7941,4.09,-61,0
7942,3.67,-66,0
7943,4.44,-63,0
7944,3.56,-54,0
7945,4.85,-53,0
7946,3.32,-75,0
7947,3.95,-63,0
7948,4.79,-73,0
7949,3.35,-65,0
7950,4.29,-75,0
7951,4.88,-67,0
7952,4.86,-51,0
7953,4.71,-80,0
7954,4.14,-74,0
7955,4.95,-69,0
7956,4.61,-51,0
7957,4.57,-62,0
7958,4.81,-71,0
7959,3.76,-53,0
7960,3.15,-55,0
7961,3.26,-69,0
7962,3.5,-64,0
7963,4.63,-67,0
7964,4.1,-72,0
7965,3.91,-73,0
7966,4.84,-76,0
7967,4.07,-77,0
7968,4.61,-74,0
7969,3.99,-51,0
7970,3.2,-75,0
7971,3.7,-79,0
7972,3.65,-80,0
7973,3.95,-93,1
7974,3.67,-71,0
7975,4.87,-71,0
7976,4.63,-100,1
7977,4.17,-58,0
7978,4.47,-69,0
7979,3.55,-93,1
7980,4.26,-50,0
7981,4.96,-52,0
7982,4.84,-98,1
7983,2.2,-69,1
7984,3.91,-62,0
7985,4.22,-54,0
7986,3.17,-55,0
7987,3.35,-51,0
7988,4.09,-74,0
7989,3.49,-61,0
7990,4.45,-59,0
7991,3.5,-57,0
7992,3.25,-90,1
7993,0.08,-69,1
7994,3.75,-52,0
7995,4.83,-72,0
7996,4.21,-57,0
7997,3.71,-77,0
7998,4.59,-94,1
7999,4.85,-76,0
8000,4.05,-77,0
8001,3.97,-58,0
8002,4.63,-70,0
8003,3.74,-63,0
8004,3.28,-65,0
8005,4.75,-77,0
8006,3.74,-78,0
8007,4.86,-98,1
8008,3.28,-71,0
8009,3.32,-55,0
8010,4.3,-52,0
8011,3.14,-64,0
8012,3.97,-70,0
8013,4.53,-55,0
8014,4.01,-63,0
8015,4.52,-73,0
8016,3.07,-61,0
8017,3.12,-79,0
8018,4.99,-69,0
8019,3.71,-75,0
8020,4.13,-76,0
8021,3.58,-72,0
8022,4.63,-52,0
8023,4.69,-73,0
8024,3.52,-96,1
8025,4.75,-50,0
8026,3.3,-53,0
8027,4.72,-63,0
8028,3.57,-77,0
8029,3.58,-66,0
8030,4.33,-50,0
8031,3.68,-68,0
8032,3.06,-69,0
8033,3.91,-69,0
8034,4.47,-90,1
8035,4.17,-60,0
8036,3.13,-58,0
8037,4.03,-69,0
8038,3.93,-70,0
8039,1.5,-52,1
8040,3.22,-50,0
8041,4.97,-99,1
8042,4.78,-74,0
8043,4.77,-56,0
8044,3.0,-91,1
8045,3.45,-74,0
8046,3.06,-77,0
8047,4.89,-64,0
8048,3.83,-75,0
8049,3.1,-53,0
8050,3.94,-70,0
8051,3.81,-67,0
8052,3.26,-69,0
8053,3.23,-74,0
8054,3.71,-90,1
8055,3.88,-65,0
8056,3.23,-79,0
8057,3.84,-61,0
8058,2.11,-79,1
8059,3.6,-61,0
8060,3.13,-80,0
8061,3.95,-60,0
8062,4.13,-80,0
8063,3.9,-74,0
8064,3.32,-70,0
8065,3.26,-66,0
8066,3.85,-74,0
8067,4.03,-78,0
8068,4.03,-72,0
8069,4.3,-54,0
8070,4.01,-68,0
8071,3.52,-77,0
8072,3.91,-77,0
8073,3.86,-50,0
8074,4.91,-79,0
8075,3.06,-74,0
8076,3.91,-69,0
8077,4.36,-73,0
8078,3.91,-69,0
8079,3.12,-53,0
8080,2.1,-50,1
8081,4.63,-73,0
8082,4.84,-57,0
8083,3.48,-61,0
8084,4.72,-75,0
8085,4.16,-56,0
8086,4.3,-75,0
8087,3.06,-75,0
8088,3.25,-54,0
8089,3.69,-59,0
8090,3.4,-71,0
8091,5.0,-64,0
8092,3.27,-58,0
8093,3.4,-62,0
8094,4.4,-53,0
8095,4.36,-52,0
8096,4.36,-53,0
8097,4.33,-59,0
8098,4.8,-51,0
8099,3.61,-95,1
8100,3.92,-78,0
8101,3.55,-78,0
8102,3.68,-50,0
8103,4.18,-68,0
8104,3.41,-53,0
8105,4.8,-79,0
8106,3.13,-55,0
8107,3.65,-61,0
8108,3.55,-61,0
8109,4.44,-61,0
8110,3.71,-90,1
8111,3.69,-78,0
8112,3.28,-67,0
8113,4.11,-64,0
8114,3.56,-65,0
8115,3.65,-73,0
8116,4.17,-63,0
8117,4.8,-57,0
8118,3.08,-67,0
8119,3.94,-50,0
8120,3.9,-73,0
8121,4.44,-60,0
8122,4.33,-73,0
8123,3.32,-67,0
8124,4.01,-53,0
8125,3.45,-77,0
8126,3.87,-62,0
8127,3.17,-53,0
8128,4.52,-59,0
8129,4.95,-55,0
8130,4.64,-68,0
8131,4.6,-52,0
8132,3.96,-74,0
8133,3.48,-72,0
8134,4.52,-54,0
8135,4.01,-75,0
8136,3.79,-51,0
8137,1.16,-55,1
8138,4.3,-74,0
8139,2.95,-59,1
8140,4.05,-69,0
8141,4.53,-94,1
8142,4.42,-65,0
8143,4.73,-59,0
8144,4.52,-52,0
8145,4.68,-52,0
8146,4.36,-72,0
8147,3.51,-63,0
8148,4.25,-63,0
8149,4.07,-57,0
8150,4.64,-78,0
8151,4.57,-68,0
8152,4.79,-58,0
8153,4.68,-50,0
8154,4.22,-69,0
8155,3.2,-54,0
8156,4.2,-77,0
8157,3.55,-69,0
8158,1.53,-72,1
8159,4.46,-58,0
8160,3.31,-75,0
8161,4.67,-54,0
8162,4.36,-71,0
8163,4.57,-52,0
8164,3.16,-56,0
8165,3.06,-75,0
8166,4.63,-61,0
8167,4.29,-66,0
8168,0.89,-66,1
8169,3.41,-77,0
8170,3.41,-77,0
8171,3.02,-59,0
8172,4.31,-73,0
8173,4.8,-98,1
8174,3.17,-61,0
8175,3.53,-95,1
8176,3.14,-60,0
8177,4.67,-64,0
8178,3.23,-56,0
8179,4.83,-91,1
8180,4.6,-60,0
8181,3.14,-61,0
8182,3.46,-62,0
8183,3.59,-64,0
8184,3.07,-68,0
8185,3.45,-60,0
8186,4.48,-66,0
8187,3.6,-74,0
8188,3.08,-59,0
8189,4.55,-52,0
8190,3.94,-54,0
8191,3.28,-57,0
8192,4.77,-52,0
8193,4.79,-66,0
8194,3.94,-52,0
8195,3.46,-73,0
8196,3.18,-98,1
8197,4.2,-76,0
8198,4.65,-56,0
8199,4.75,-78,0
8200,4.95,-64,0
8201,3.17,-53,0
8202,4.49,-76,0
8203,3.9,-61,0
8204,4.7,-65,0
8205,4.13,-70,0
8206,3.07,-58,0
8207,3.05,-67,0
8208,3.74,-56,0
8209,3.81,-61,0
8210,4.51,-69,0
8211,3.26,-68,0
8212,4.59,-53,0
8213,3.85,-56,0
8214,4.87,-52,0
8215,3.5,-50,0
8216,3.03,-54,0
8217,3.21,-63,0
8218,1.81,-78,1
8219,4.8,-52,0
8220,2.53,-62,1
8221,3.54,-50,0
8222,3.1,-62,0
8223,4.04,-72,0
8224,2.87,-71,1
8225,3.65,-70,0
8226,3.42,-66,0
8227,2.05,-56,1
8228,3.73,-57,0
8229,1.36,-62,1
8230,4.17,-71,0
8231,3.57,-100,1
8232,4.82,-60,0
8233,4.37,-54,0
8234,3.8,-79,0
8235,4.83,-79,0
8236,3.31,-65,0
8237,3.86,-70,0
8238,4.28,-60,0
8239,3.09,-62,0
8240,4.46,-70,0
8241,4.33,-76,0
8242,3.76,-55,0
8243,4.35,-62,0
8244,4.11,-73,0
8245,3.53,-75,0
8246,4.65,-69,0
8247,4.56,-77,0
8248,2.61,-78,1
8249,4.64,-56,0
8250,4.62,-55,0
8251,3.62,-76,0
8252,3.48,-68,0
8253,4.0,-55,0
8254,4.29,-64,0
8255,3.58,-55,0
8256,3.02,-75,0
8257,3.77,-67,0
8258,3.67,-96,1
8259,4.83,-75,0
8260,3.67,-72,0
8261,3.62,-67,0
8262,3.89,-59,0
8263,3.7,-65,0
8264,4.99,-76,0
8265,4.37,-51,0
8266,3.46,-63,0
8267,4.32,-58,0
8268,4.42,-68,0
8269,3.63,-51,0
8270,3.01,-51,0
8271,3.42,-51,0
8272,0.6,-80,1
8273,3.77,-60,0
8274,3.66,-78,0
8275,4.05,-53,0
8276,3.73,-68,0
8277,3.6,-59,0
8278,4.37,-54,0
8279,3.12,-68,0
8280,3.6,-65,0
8281,4.42,-78,0
8282,4.39,-76,0
8283,3.57,-57,0
8284,3.93,-67,0
8285,3.07,-68,0
8286,4.46,-80,0
8287,3.5,-69,0
8288,4.01,-72,0
8289,4.5,-71,0
8290,3.45,-79,0
8291,3.65,-75,0
8292,0.06,-61,1
8293,0.45,-59,1
8294,1.05,-66,1
8295,4.82,-50,0
8296,4.65,-65,0
8297,4.82,-75,0
8298,4.88,-71,0
8299,3.96,-79,0
8300,3.46,-71,0
8301,3.35,-62,0
8302,4.1,-72,0
8303,3.32,-66,0
8304,4.89,-69,0
8305,4.79,-74,0
8306,3.84,-71,0
8307,3.83,-52,0
8308,3.05,-67,0
8309,4.92,-52,0
8310,3.93,-55,0
8311,3.8,-57,0
8312,3.31,-64,0
8313,4.43,-74,0
8314,3.39,-61,0
8315,3.93,-57,0
8316,3.22,-71,0
8317,3.39,-75,0
8318,3.73,-54,0
8319,4.9,-55,0
8320,3.63,-77,0
8321,4.0,-50,0
8322,4.44,-80,0
8323,4.9,-66,0
8324,4.65,-69,0
8325,4.54,-80,0
8326,4.93,-72,0
8327,4.91,-67,0
8328,2.89,-57,1
8329,3.63,-62,0
8330,4.19,-72,0
8331,4.63,-53,0
8332,5.0,-59,0
8333,4.97,-60,0
8334,3.88,-95,1
8335,1.76,-74,1
8336,4.91,-78,0
8337,4.53,-79,0
8338,3.55,-50,0
8339,3.84,-78,0
8340,3.07,-58,0
8341,0.19,-67,1
8342,4.72,-63,0
8343,4.02,-50,0
8344,4.37,-59,0
8345,3.77,-66,0
8346,4.63,-60,0
8347,4.42,-91,1
8348,4.08,-59,0
8349,4.21,-76,0
8350,4.22,-90,1
8351,4.18,-60,0
8352,2.66,-61,1
8353,3.74,-99,1
8354,3.75,-64,0
8355,3.92,-75,0
8356,3.55,-71,0
8357,3.5,-64,0
8358,3.32,-73,0
8359,4.17,-92,1
8360,3.99,-59,0
8361,4.56,-69,0
8362,4.09,-65,0
8363,4.94,-66,0
8364,3.05,-79,0
8365,3.28,-50,0
8366,4.3,-79,0
8367,4.41,-94,1
8368,3.25,-50,0
8369,4.24,-63,0
8370,2.47,-62,1
8371,4.53,-95,1
8372,4.29,-65,0
8373,4.63,-52,0
8374,4.74,-78,0
8375,3.98,-59,0
8376,3.13,-71,0
8377,3.52,-71,0
8378,3.78,-56,0
8379,3.11,-92,1
8380,3.27,-71,0
8381,3.59,-60,0
8382,3.88,-77,0
8383,4.81,-68,0
8384,3.97,-79,0
8385,3.45,-50,0
8386,3.6,-76,0
8387,4.5,-99,1
8388,4.27,-77,0
8389,1.79,-98,1
8390,3.3,-75,0
8391,3.34,-50,0
8392,4.08,-73,0
8393,3.64,-61,0
8394,4.26,-78,0
8395,4.97,-96,1
8396,3.01,-91,1
8397,3.49,-76,0
8398,3.82,-52,0
8399,4.06,-78,0
8400,3.65,-62,0
8401,4.55,-53,0
8402,4.34,-54,0
8403,3.36,-68,0
8404,3.27,-70,0
8405,4.94,-77,0
8406,3.09,-69,0
8407,3.52,-67,0
8408,4.33,-75,0
8409,4.05,-64,0
8410,3.41,-71,0
8411,4.74,-69,0
8412,3.66,-61,0
8413,4.7,-52,0
8414,3.72,-64,0
8415,4.75,-59,0
8416,3.15,-58,0
8417,3.01,-66,0
8418,4.53,-77,0
8419,3.03,-73,0
8420,4.39,-75,0
8421,1.51,-77,1
8422,3.06,-69,0
8423,4.44,-74,0
8424,3.41,-52,0
8425,4.15,-90,1
8426,3.57,-57,0
8427,3.79,-52,0
8428,3.37,-56,0
8429,3.4,-56,0
8430,4.92,-65,0
8431,3.69,-70,0
8432,4.98,-63,0
8433,3.69,-50,0
8434,3.97,-64,0
8435,3.37,-63,0
8436,3.35,-76,0
8437,4.98,-75,0
8438,4.03,-76,0
8439,2.4,-52,1
8440,4.31,-63,0
8441,4.86,-57,0
8442,3.29,-67,0
8443,3.69,-60,0
8444,4.87,-72,0
8445,4.02,-65,0
8446,4.92,-69,0
8447,4.16,-63,0
8448,3.36,-75,0
8449,3.83,-74,0
8450,3.73,-63,0
8451,3.64,-54,0
8452,3.9,-65,0
8453,3.09,-76,0
8454,4.23,-70,0
8455,4.56,-67,0
8456,4.35,-73,0
8457,4.73,-62,0
8458,4.84,-96,1
8459,4.93,-74,0
8460,3.94,-63,0
8461,4.2,-78,0
8462,3.71,-76,0
8463,4.64,-71,0
8464,4.84,-70,0
8465,4.81,-63,0
8466,4.46,-58,0
8467,4.61,-73,0
8468,3.39,-63,0
8469,3.61,-55,0
8470,4.05,-62,0
8471,3.42,-77,0
8472,4.54,-65,0
8473,3.09,-73,0
8474,4.22,-66,0
8475,3.04,-65,0
8476,3.06,-54,0
8477,3.02,-75,0
8478,4.27,-66,0
8479,3.38,-58,0
8480,4.58,-52,0
8481,4.41,-91,1
8482,3.93,-52,0
8483,3.08,-66,0
8484,3.66,-57,0
8485,3.31,-79,0
8486,4.5,-57,0
8487,4.95,-65,0
8488,4.96,-64,0
8489,3.86,-65,0
8490,4.49,-67,0
8491,4.94,-80,0
8492,3.11,-63,0
8493,4.84,-72,0
8494,4.12,-62,0
8495,4.78,-78,0
8496,4.67,-95,1
8497,3.38,-69,0
8498,3.45,-71,0
8499,3.51,-62,0
8500,4.55,-77,0
8501,3.32,-58,0
8502,4.12,-74,0
8503,4.29,-69,0
8504,3.92,-61,0
8505,3.04,-65,0
8506,1.8,-79,1
8507,4.44,-77,0
8508,3.6,-77,0
8509,4.87,-59,0
8510,4.09,-97,1
8511,4.48,-79,0
8512,4.42,-95,1
8513,3.39,-74,0
8514,2.34,-63,1
8515,4.54,-57,0
8516,3.89,-55,0
8517,3.88,-71,0
8518,4.32,-68,0
8519,3.06,-71,0
8520,4.11,-72,0
8521,3.55,-80,0
8522,4.81,-64,0
8523,4.86,-71,0
8524,4.05,-74,0
8525,3.41,-67,0
8526,3.81,-54,0
8527,4.68,-51,0
8528,3.84,-52,0
8529,4.24,-70,0
8530,4.04,-76,0
8531,4.39,-71,0
8532,3.68,-63,0
8533,3.76,-77,0
8534,4.56,-65,0
8535,3.1,-69,0
8536,3.53,-55,0
8537,4.59,-75,0
8538,3.54,-62,0
8539,4.58,-79,0
8540,4.76,-59,0
8541,3.24,-68,0
8542,4.43,-79,0
8543,4.45,-51,0
8544,3.23,-78,0
8545,3.81,-50,0
8546,4.91,-58,0
8547,3.89,-78,0
8548,3.17,-65,0
8549,3.39,-68,0
8550,4.13,-62,0
8551,4.61,-67,0
8552,3.96,-59,0
8553,3.01,-60,0
8554,3.88,-95,1
8555,4.06,-77,0
8556,4.57,-68,0
8557,4.22,-80,0
8558,4.84,-58,0
8559,3.59,-76,0
8560,4.81,-71,0
8561,4.21,-77,0
8562,3.86,-50,0
8563,4.21,-60,0
8564,4.17,-66,0
8565,3.67,-52,0
8566,4.84,-77,0
8567,4.86,-56,0
8568,3.9,-68,0
8569,3.18,-66,0
8570,4.27,-56,0
8571,3.76,-51,0
8572,4.98,-78,0
8573,3.26,-56,0
8574,3.91,-69,0
8575,4.11,-92,1
8576,3.51,-56,0
8577,3.33,-80,0
8578,4.52,-60,0
8579,3.89,-57,0
8580,4.54,-79,0
8581,4.55,-57,0
8582,3.29,-51,0
8583,4.32,-50,0
8584,5.0,-67,0
8585,4.39,-50,0
8586,3.6,-78,0
8587,3.81,-62,0
8588,4.93,-78,0
8589,3.38,-57,0
8590,3.59,-77,0
8591,3.8,-60,0
8592,3.86,-58,0
8593,3.89,-63,0
8594,4.64,-53,0
8595,4.11,-74,0
8596,3.63,-71,0
8597,4.85,-50,0
8598,4.75,-57,0
8599,3.75,-99,1
8600,3.98,-79,0
8601,4.57,-67,0
8602,3.42,-54,0
8603,3.66,-70,0
8604,4.66,-77,0
8605,4.33,-71,0
8606,4.12,-53,0
8607,4.09,-94,1
8608,3.31,-75,0
8609,3.2,-53,0
8610,4.94,-70,0
8611,4.59,-79,0
8612,3.1,-58,0
8613,4.75,-60,0
8614,3.59,-71,0
8615,3.05,-74,0
8616,4.3,-71,0
8617,4.69,-80,0
8618,4.27,-73,0
8619,3.27,-77,0
8620,3.93,-95,1
8621,3.46,-60,0
8622,3.95,-60,0
8623,4.1,-57,0
8624,4.41,-51,0
8625,4.15,-66,0
8626,2.3,-76,1
8627,4.79,-70,0
8628,4.55,-60,0
8629,3.42,-65,0
8630,4.54,-51,0
8631,3.47,-73,0
8632,3.69,-60,0
8633,4.26,-66,0
8634,4.03,-53,0
8635,3.15,-58,0
8636,3.93,-65,0
8637,1.35,-70,1
8638,0.81,-55,1
8639,3.59,-51,0
8640,2.95,-67,1
8641,3.79,-72,0
8642,3.89,-52,0
8643,4.51,-97,1
8644,4.72,-64,0
8645,4.6,-56,0
8646,3.54,-56,0
8647,4.35,-95,1
8648,4.34,-56,0
8649,3.34,-55,0
8650,3.57,-51,0
8651,3.9,-71,0
8652,4.15,-52,0
8653,4.37,-80,0
8654,3.51,-58,0
8655,3.79,-67,0
8656,3.74,-66,0
8657,4.48,-54,0
8658,3.18,-51,0
8659,4.2,-71,0
8660,3.84,-68,0
8661,3.17,-74,0
8662,4.6,-52,0
8663,4.38,-54,0
8664,4.76,-61,0
8665,3.42,-69,0
8666,4.45,-80,0
8667,3.05,-65,0
8668,3.62,-52,0
8669,3.54,-80,0
8670,4.56,-64,0
8671,4.5,-72,0
8672,4.37,-74,0
8673,3.31,-51,0
8674,4.19,-74,0
8675,4.4,-78,0
8676,4.31,-80,0
8677,3.72,-71,0
8678,4.69,-65,0
8679,3.5,-51,0
8680,4.82,-57,0
8681,4.64,-63,0
8682,4.25,-67,0
8683,4.46,-67,0
8684,4.86,-53,0
8685,4.63,-54,0
8686,4.86,-50,0
8687,4.98,-72,0
8688,4.86,-57,0
8689,0.22,-62,1
8690,4.73,-68,0
8691,3.39,-68,0
8692,4.64,-74,0
8693,4.45,-55,0
8694,4.86,-63,0
8695,4.75,-100,1
8696,4.83,-60,0
8697,3.89,-57,0
8698,4.41,-51,0
8699,4.6,-69,0
8700,4.49,-74,0
8701,3.08,-80,0
8702,4.0,-76,0
8703,3.85,-56,0
8704,4.19,-56,0
8705,4.91,-77,0
8706,4.5,-58,0
8707,4.3,-57,0
8708,4.3,-67,0
8709,4.39,-54,0
8710,3.45,-69,0
8711,3.88,-72,0
8712,4.38,-56,0
8713,3.84,-59,0
8714,4.93,-54,0
8715,3.42,-57,0
8716,4.4,-68,0
8717,3.07,-69,0
8718,4.27,-50,0
8719,4.22,-76,0
8720,3.01,-56,0
8721,4.76,-72,0
8722,4.63,-79,0
8723,3.15,-64,0
8724,4.33,-62,0
8725,3.22,-59,0
8726,3.68,-54,0
8727,4.69,-63,0
8728,3.47,-69,0
8729,4.71,-68,0
8730,3.77,-55,0
8731,3.26,-92,1
8732,3.03,-78,0
8733,4.41,-77,0
8734,4.1,-75,0
8735,4.51,-78,0
8736,4.44,-51,0
8737,4.74,-77,0
8738,4.49,-52,0
8739,3.71,-76,0
8740,4.87,-58,0
8741,3.24,-62,0
8742,4.47,-58,0
8743,4.75,-52,0
8744,4.36,-63,0
8745,4.95,-52,0
8746,4.83,-65,0
8747,4.48,-66,0
8748,3.76,-63,0
8749,1.98,-93,1
8750,4.34,-90,1
8751,3.46,-80,0
8752,0.32,-65,1
8753,4.79,-60,0
8754,4.91,-77,0
8755,3.48,-78,0
8756,4.14,-66,0
8757,4.91,-56,0
8758,3.76,-77,0
8759,4.26,-60,0
8760,4.43,-59,0
8761,3.55,-50,0
8762,4.26,-50,0
8763,4.38,-68,0
8764,3.97,-53,0
8765,4.64,-61,0
8766,3.88,-76,0
8767,4.7,-69,0
8768,4.65,-67,0
8769,3.11,-72,0
8770,4.43,-51,0
8771,4.08,-52,0
8772,4.71,-62,0
8773,4.83,-65,0
8774,4.56,-64,0
8775,3.49,-56,0
8776,3.47,-74,0
8777,4.66,-66,0
8778,3.58,-62,0
8779,4.38,-57,0
8780,4.06,-61,0
8781,4.69,-73,0
8782,4.59,-59,0
8783,3.76,-64,0
8784,3.98,-75,0
8785,3.5,-97,1
8786,3.14,-67,0
8787,4.01,-79,0
8788,3.51,-55,0
8789,3.52,-58,0
8790,3.17,-72,0
8791,4.59,-79,0
8792,4.07,-56,0
8793,3.81,-67,0
8794,4.08,-72,0
8795,4.06,-57,0
8796,4.21,-58,0
8797,4.88,-58,0
8798,4.41,-77,0
8799,4.87,-74,0
8800,3.09,-80,0
8801,4.46,-70,0
8802,4.7,-60,0
8803,3.59,-61,0
8804,3.46,-52,0
8805,4.29,-62,0
8806,4.95,-55,0
8807,4.74,-65,0
8808,4.87,-64,0
8809,4.56,-61,0
8810,3.49,-80,0
8811,4.12,-80,0
8812,3.28,-55,0
8813,3.85,-79,0
8814,3.83,-58,0
8815,3.79,-73,0
8816,3.6,-61,0
8817,3.02,-71,0
8818,4.6,-70,0
8819,4.54,-58,0
8820,3.98,-67,0
8821,3.52,-78,0
8822,3.26,-74,0
8823,4.84,-62,0
8824,3.71,-75,0
8825,4.58,-54,0
8826,4.28,-76,0
8827,3.44,-68,0
8828,4.19,-69,0
8829,4.6,-53,0
8830,3.85,-69,0
8831,3.13,-79,0
8832,4.25,-75,0
8833,1.46,-76,1
8834,4.27,-96,1
8835,3.37,-93,1
8836,4.94,-74,0
8837,3.7,-53,0
8838,3.55,-73,0
8839,2.86,-57,1
8840,4.16,-76,0
8841,4.74,-74,0
8842,3.25,-72,0
8843,3.86,-50,0
8844,4.19,-97,1
8845,3.31,-63,0
8846,3.86,-52,0
8847,2.04,-72,1
8848,4.23,-73,0
8849,4.52,-74,0
8850,3.48,-70,0
8851,3.94,-66,0
8852,4.86,-53,0
8853,3.84,-78,0
8854,3.32,-61,0
8855,4.6,-60,0
8856,3.17,-79,0
8857,4.01,-54,0
8858,4.01,-69,0
8859,4.59,-75,0
8860,4.32,-50,0
8861,4.37,-91,1
8862,4.2,-95,1
8863,3.17,-65,0
8864,4.4,-56,0
8865,3.39,-77,0
8866,4.75,-77,0
8867,4.74,-74,0
8868,4.29,-56,0
8869,3.06,-70,0
8870,3.07,-51,0
8871,4.05,-75,0
8872,3.42,-72,0
8873,3.88,-77,0
8874,4.91,-57,0
8875,4.64,-80,0
8876,4.17,-63,0
8877,4.23,-73,0
8878,4.86,-75,0
8879,3.64,-60,0
8880,3.74,-69,0
8881,4.52,-79,0
8882,3.03,-67,0
8883,4.89,-78,0
8884,3.99,-60,0
8885,3.08,-79,0
8886,4.74,-73,0
8887,4.65,-54,0
8888,4.09,-64,0
8889,4.41,-55,0
8890,4.94,-71,0
8891,3.06,-77,0
8892,3.26,-77,0
8893,0.72,-57,1
8894,3.14,-69,0
8895,4.81,-75,0
8896,4.58,-53,0
8897,4.98,-58,0
8898,3.72,-63,0
8899,4.21,-79,0
8900,4.25,-74,0
8901,4.03,-78,0
8902,3.62,-58,0
8903,3.8,-64,0
8904,4.05,-56,0
8905,4.43,-97,1
8906,3.48,-67,0
8907,4.22,-71,0
8908,4.12,-61,0
8909,3.69,-66,0
8910,4.79,-75,0
8911,4.71,-58,0
8912,4.71,-70,0
8913,3.25,-71,0
8914,4.76,-74,0
8915,3.89,-65,0
8916,1.09,-55,1
8917,4.41,-58,0
8918,3.9,-53,0
8919,4.73,-65,0
8920,4.39,-73,0
8921,3.46,-74,0
8922,4.03,-70,0
8923,4.31,-90,1
8924,4.99,-55,0
8925,4.74,-75,0
8926,3.03,-70,0
8927,3.74,-61,0
8928,5.0,-64,0
8929,3.63,-61,0
8930,2.26,-80,1
8931,4.71,-53,0
8932,3.6,-74,0
8933,4.52,-62,0
8934,3.89,-71,0
8935,4.82,-72,0
8936,4.2,-55,0
8937,3.07,-77,0
8938,3.78,-70,0
8939,3.23,-80,0
8940,3.82,-67,0
8941,3.28,-76,0
8942,4.4,-52,0
8943,3.7,-70,0
8944,2.93,-71,1
8945,2.6,-56,1
8946,4.27,-53,0
8947,4.49,-79,0
8948,3.37,-60,0
8949,3.88,-67,0
8950,3.76,-78,0
8951,4.93,-64,0
8952,4.25,-58,0
8953,3.96,-97,1
8954,4.52,-64,0
8955,3.16,-72,0
8956,4.05,-64,0
8957,3.83,-58,0
8958,4.83,-53,0
8959,3.17,-74,0
8960,4.07,-69,0
8961,4.47,-73,0
8962,4.06,-55,0
8963,3.29,-77,0
8964,3.69,-70,0
8965,4.2,-79,0
8966,3.04,-73,0
8967,4.34,-70,0
8968,4.47,-60,0
8969,3.87,-65,0
8970,3.69,-77,0
8971,3.4,-59,0
8972,4.26,-80,0
8973,3.33,-68,0
8974,3.67,-69,0
8975,3.16,-54,0
8976,0.6,-63,1
8977,3.05,-50,0
8978,3.97,-57,0
8979,4.92,-79,0
8980,3.18,-67,0
8981,3.2,-65,0
8982,0.61,-91,1
8983,4.02,-60,0
8984,1.49,-62,1
8985,4.68,-73,0
8986,3.35,-55,0
8987,4.43,-71,0
8988,4.35,-54,0
8989,3.82,-77,0
8990,3.66,-79,0
8991,3.37,-72,0
8992,3.92,-53,0
8993,4.94,-55,0
8994,4.39,-64,0
8995,3.88,-66,0
8996,3.9,-62,0
8997,4.19,-63,0
8998,3.87,-51,0
8999,4.39,-58,0
9000,3.98,-53,0
9001,3.98,-73,0
9002,3.83,-56,0
9003,3.51,-77,0
9004,4.42,-54,0
9005,3.38,-77,0
9006,4.55,-59,0
9007,4.58,-50,0
9008,3.83,-59,0
9009,4.62,-61,0
9010,3.83,-79,0
9011,3.59,-76,0
9012,4.5,-75,0
9013,1.57,-52,1
9014,3.98,-52,0
9015,4.15,-80,0
9016,3.49,-80,0
9017,3.03,-59,0
9018,4.62,-70,0
9019,4.26,-100,1
9020,4.65,-76,0
9021,0.46,-75,1
9022,0.61,-51,1
9023,3.72,-57,0
9024,3.39,-50,0
9025,3.1,-73,0
9026,3.63,-61,0
9027,4.48,-61,0
9028,4.34,-76,0
9029,1.86,-51,1
9030,4.4,-76,0
9031,3.12,-75,0
9032,3.03,-61,0
9033,3.67,-70,0
9034,3.21,-96,1
9035,3.99,-59,0
9036,3.29,-52,0
9037,4.84,-61,0
9038,3.35,-63,0
9039,1.59,-92,1
9040,4.79,-59,0
9041,0.61,-51,1
9042,4.75,-60,0
9043,4.67,-50,0
9044,3.15,-57,0
9045,4.03,-73,0
9046,3.17,-74,0
9047,4.69,-65,0
9048,4.31,-63,0
9049,4.19,-53,0
9050,3.47,-57,0
9051,4.46,-62,0
9052,0.59,-58,1
9053,3.64,-78,0
9054,3.85,-73,0
9055,4.51,-69,0
9056,3.79,-74,0
9057,4.3,-90,1
9058,4.44,-66,0
9059,3.56,-65,0
9060,4.76,-67,0
9061,4.07,-79,0
9062,4.02,-60,0
9063,4.65,-67,0
9064,4.51,-73,0
9065,4.3,-77,0
9066,3.14,-58,0
9067,4.07,-64,0
9068,4.18,-71,0
9069,4.44,-55,0
9070,4.06,-50,0
9071,4.12,-70,0
9072,3.44,-70,0
9073,4.35,-72,0
9074,3.36,-60,0
9075,4.51,-50,0
9076,3.77,-76,0
9077,3.97,-61,0
9078,4.1,-52,0
9079,3.42,-100,1
9080,3.32,-57,0
9081,3.34,-61,0
9082,3.35,-65,0
9083,0.93,-69,1
9084,4.39,-77,0
9085,4.5,-58,0
9086,4.41,-65,0
9087,3.79,-75,0
9088,3.25,-62,0
9089,4.87,-76,0
9090,4.6,-60,0
9091,3.89,-50,0
9092,3.35,-60,0
9093,3.85,-72,0
9094,3.72,-56,0
9095,3.03,-75,0
9096,4.05,-69,0
9097,4.86,-59,0
9098,4.94,-65,0
9099,3.98,-57,0
9100,4.46,-92,1
9101,4.4,-66,0
9102,4.77,-50,0
9103,4.86,-58,0
9104,4.37,-63,0
9105,4.22,-58,0
9106,3.2,-65,0
9107,4.78,-78,0
9108,4.77,-74,0
9109,4.75,-53,0
9110,3.94,-56,0
9111,3.86,-64,0
9112,3.24,-62,0
9113,3.0,-80,0
9114,3.88,-70,0
9115,4.22,-59,0
9116,3.17,-51,0
9117,4.21,-62,0
9118,4.95,-57,0
9119,3.88,-75,0
9120,3.43,-67,0
9121,3.48,-52,0
9122,4.64,-74,0
9123,4.52,-64,0
9124,4.03,-79,0
9125,3.15,-56,0
9126,4.93,-66,0
9127,4.5,-50,0
9128,4.34,-65,0
9129,3.57,-72,0
9130,1.43,-77,1
9131,4.82,-78,0
9132,0.78,-56,1
9133,4.4,-57,0
9134,2.21,-78,1
9135,4.84,-61,0
9136,3.8,-73,0
9137,3.41,-70,0
9138,4.46,-100,1
9139,4.07,-53,0
9140,3.14,-67,0
9141,3.93,-55,0
9142,4.29,-67,0
9143,4.75,-63,0
9144,3.81,-90,1
9145,4.65,-53,0
9146,3.08,-75,0
9147,4.68,-69,0
9148,4.14,-51,0
9149,4.42,-54,0
9150,3.28,-78,0
9151,4.88,-60,0
9152,3.22,-75,0
9153,4.42,-65,0
9154,3.71,-78,0
9155,4.23,-59,0
9156,3.33,-63,0
9157,3.2,-61,0
9158,4.98,-79,0
9159,4.44,-52,0
9160,3.27,-54,0
9161,4.04,-59,0
9162,3.68,-51,0
9163,3.43,-56,0
9164,3.18,-55,0
9165,4.79,-69,0
9166,4.24,-54,0
9167,4.92,-72,0
9168,4.93,-59,0
9169,4.37,-70,0
9170,3.44,-70,0
9171,4.88,-65,0
9172,3.9,-58,0
9173,3.4,-67,0
9174,4.21,-64,0
9175,3.52,-77,0
9176,3.0,-52,0
9177,3.27,-95,1
9178,3.15,-90,1
9179,3.96,-78,0
9180,3.5,-57,0
9181,3.89,-54,0
9182,3.38,-98,1
9183,3.04,-53,0
9184,4.57,-67,0
9185,3.15,-76,0
9186,4.83,-64,0
9187,3.76,-59,0
9188,3.9,-91,1
9189,3.37,-56,0
9190,4.25,-63,0
9191,3.13,-64,0
9192,0.81,-64,1
9193,4.63,-64,0
9194,4.0,-65,0
9195,3.12,-79,0
9196,3.61,-77,0
9197,3.7,-59,0
9198,4.06,-51,0
9199,4.52,-75,0
9200,3.96,-72,0
9201,4.13,-63,0
9202,3.01,-78,0
9203,4.86,-58,0
9204,4.29,-58,0
9205,0.09,-78,1
9206,4.48,-74,0
9207,4.5,-61,0
9208,4.32,-59,0
9209,4.74,-73,0
9210,3.55,-73,0
9211,1.74,-67,1
9212,3.92,-66,0
9213,4.85,-56,0
9214,4.36,-90,1
9215,2.58,-64,1
9216,3.71,-71,0
9217,3.12,-70,0
9218,3.02,-54,0
9219,3.8,-69,0
9220,3.29,-59,0
9221,4.41,-54,0
9222,3.7,-54,0
9223,3.23,-75,0
9224,3.23,-58,0
9225,3.56,-78,0
9226,3.48,-72,0
9227,3.09,-77,0
9228,4.54,-65,0
9229,4.05,-58,0
9230,4.31,-55,0
9231,4.71,-51,0
9232,3.75,-53,0
9233,3.07,-53,0
9234,3.37,-99,1
9235,3.69,-54,0
9236,3.35,-56,0
9237,4.42,-67,0
9238,4.59,-55,0
9239,3.06,-73,0
9240,3.09,-77,0
9241,4.12,-61,0
9242,3.79,-57,0
9243,3.51,-57,0
9244,4.19,-54,0
9245,4.01,-55,0
9246,3.27,-53,0
9247,4.65,-100,1
9248,4.42,-74,0
9249,3.55,-67,0
9250,4.49,-52,0
9251,3.75,-62,0
9252,3.97,-59,0
9253,4.92,-67,0
9254,3.3,-76,0
9255,3.61,-56,0
9256,3.12,-54,0
9257,4.6,-75,0
9258,4.89,-79,0
9259,3.08,-65,0
9260,3.78,-54,0
9261,4.03,-73,0
9262,0.78,-69,1
9263,3.11,-74,0
9264,3.43,-55,0
9265,3.99,-70,0
9266,4.25,-80,0
9267,4.17,-57,0
9268,4.25,-77,0
9269,3.92,-71,0
9270,4.54,-60,0
9271,3.2,-56,0
9272,4.62,-74,0
9273,4.51,-62,0
9274,4.17,-79,0
9275,4.94,-75,0
9276,4.3,-65,0
9277,3.18,-61,0
9278,0.34,-77,1
9279,3.36,-77,0
9280,1.5,-56,1
9281,3.64,-60,0
9282,4.59,-61,0
9283,3.48,-55,0
9284,3.08,-52,0
9285,3.45,-70,0
9286,4.72,-75,0
9287,4.02,-64,0
9288,4.6,-73,0
9289,3.05,-98,1
9290,3.57,-52,0
9291,3.79,-71,0
9292,4.51,-75,0
9293,3.16,-60,0
9294,4.92,-62,0
9295,3.16,-72,0
9296,3.69,-72,0
9297,3.53,-50,0
9298,3.25,-54,0
9299,3.26,-71,0
9300,4.56,-62,0
9301,3.95,-50,0
9302,3.65,-60,0
9303,3.04,-74,0
9304,4.61,-52,0
9305,4.24,-56,0
9306,4.92,-59,0
9307,3.16,-76,0
9308,4.54,-57,0
9309,3.47,-80,0
9310,0.39,-75,1
9311,4.41,-61,0
9312,3.53,-52,0
9313,3.06,-54,0
9314,4.37,-52,0
9315,4.2,-60,0
9316,4.34,-60,0
9317,4.69,-60,0
9318,3.96,-51,0
9319,3.53,-70,0
9320,4.87,-58,0
9321,3.35,-57,0
9322,4.4,-97,1
9323,3.99,-53,0
9324,3.82,-68,0
9325,3.21,-80,0
9326,4.96,-65,0
9327,4.42,-63,0
9328,4.88,-76,0
9329,3.83,-58,0
9330,3.35,-50,0
9331,3.57,-51,0
9332,4.76,-78,0
9333,4.66,-65,0
9334,4.94,-62,0
9335,3.54,-61,0
9336,4.55,-56,0
9337,4.19,-61,0
9338,4.73,-57,0
9339,3.71,-66,0
9340,0.93,-51,1
9341,3.78,-74,0
9342,4.65,-67,0
9343,4.16,-56,0
9344,4.49,-50,0
9345,2.51,-62,1
9346,3.32,-76,0
9347,3.87,-78,0
9348,4.27,-59,0
9349,4.58,-73,0
9350,3.13,-70,0
9351,3.53,-59,0
9352,3.41,-70,0
9353,4.11,-77,0
9354,3.85,-54,0
9355,3.99,-70,0
9356,4.21,-80,0
9357,4.9,-59,0
9358,0.73,-66,1
9359,4.74,-66,0
9360,3.66,-67,0
9361,3.68,-70,0
9362,3.67,-70,0
9363,4.27,-56,0
9364,4.21,-56,0
9365,3.73,-78,0
9366,3.77,-66,0
9367,3.12,-73,0
9368,4.08,-61,0
9369,4.59,-71,0
9370,4.1,-57,0
9371,3.8,-52,0
9372,1.23,-61,1
9373,4.99,-70,0
9374,4.1,-74,0
9375,0.41,-77,1
9376,4.69,-57,0
9377,3.35,-65,0
9378,3.86,-72,0
9379,4.86,-50,0
9380,3.76,-59,0
9381,3.34,-55,0
9382,3.85,-76,0
9383,4.65,-66,0
9384,3.94,-79,0
9385,3.63,-50,0
9386,4.34,-58,0
9387,3.25,-56,0
9388,4.53,-56,0
9389,3.53,-62,0
9390,3.99,-72,0
9391,4.69,-78,0
9392,4.57,-95,1
9393,4.33,-68,0
9394,4.29,-57,0
9395,4.4,-59,0
9396,3.2,-54,0
9397,3.7,-76,0
9398,4.69,-58,0
9399,3.24,-58,0
9400,3.9,-52,0
9401,3.01,-74,0
9402,3.72,-52,0
9403,3.11,-71,0
9404,3.61,-77,0
9405,3.64,-77,0
9406,4.35,-77,0
9407,3.49,-70,0
9408,3.47,-97,1
9409,0.72,-59,1
9410,3.22,-67,0
9411,3.66,-59,0
9412,4.3,-51,0
9413,3.34,-53,0
9414,4.56,-50,0
9415,4.6,-69,0
9416,3.89,-55,0
9417,4.33,-77,0
9418,4.15,-98,1
9419,4.32,-78,0
9420,3.83,-57,0
9421,3.81,-50,0
9422,3.51,-54,0
9423,3.59,-79,0
9424,4.08,-74,0
9425,4.03,-62,0
9426,4.89,-78,0
9427,4.24,-56,0
9428,4.35,-68,0
9429,3.29,-71,0
9430,3.09,-96,1
9431,3.79,-71,0
9432,4.42,-55,0
9433,4.1,-76,0
9434,4.69,-80,0
9435,3.59,-50,0
9436,3.92,-65,0
9437,3.56,-62,0
9438,3.07,-75,0
9439,2.18,-77,1
9440,4.63,-76,0
9441,4.78,-53,0
9442,4.32,-60,0
9443,4.54,-54,0
9444,4.83,-50,0
9445,4.81,-58,0
9446,3.81,-91,1
9447,4.19,-73,0
9448,4.22,-55,0
9449,3.27,-98,1
9450,3.78,-67,0
9451,4.81,-65,0
9452,4.36,-51,0
9453,4.22,-70,0
9454,4.12,-66,0
9455,3.51,-99,1
9456,4.69,-66,0
9457,3.86,-73,0
9458,1.86,-71,1
9459,4.52,-52,0
9460,4.41,-75,0
9461,3.33,-64,0
9462,4.73,-73,0
9463,4.57,-62,0
9464,3.21,-63,0
9465,1.39,-57,1
9466,4.09,-79,0
9467,4.1,-56,0
9468,3.15,-66,0
9469,3.74,-70,0
9470,4.39,-100,1
9471,4.9,-77,0
9472,3.95,-67,0
9473,3.96,-58,0
9474,3.61,-60,0
9475,3.14,-63,0
9476,2.26,-70,1
9477,4.7,-52,0
9478,3.86,-70,0
9479,3.82,-98,1
9480,3.74,-65,0
9481,4.13,-78,0
9482,3.09,-67,0
9483,4.46,-52,0
9484,3.6,-69,0
9485,4.5,-74,0
9486,3.03,-72,0
9487,3.36,-68,0
9488,3.41,-58,0
9489,4.54,-51,0
9490,2.58,-61,1
9491,4.66,-63,0
9492,3.09,-53,0
9493,4.67,-65,0
9494,4.49,-55,0
9495,4.62,-78,0
9496,3.74,-56,0
9497,4.48,-92,1
9498,4.21,-66,0
9499,3.46,-54,0
9500,4.94,-58,0
9501,3.93,-63,0
9502,3.18,-69,0
9503,3.95,-54,0
9504,4.98,-60,0
9505,3.77,-68,0
9506,4.14,-58,0
9507,3.77,-52,0
9508,4.3,-56,0
9509,4.92,-60,0
9510,3.63,-53,0
9511,4.88,-79,0
9512,1.26,-69,1
9513,3.3,-51,0
9514,3.96,-67,0
9515,3.36,-78,0
9516,4.63,-55,0
9517,3.03,-57,0
9518,4.82,-67,0
9519,3.1,-70,0
9520,4.08,-97,1
9521,3.11,-62,0
9522,4.32,-55,0
9523,3.59,-76,0
9524,4.23,-55,0
9525,4.04,-62,0
9526,4.0,-53,0
9527,3.18,-73,0
9528,3.22,-71,0
9529,4.96,-55,0
9530,3.34,-60,0
9531,3.24,-59,0
9532,3.38,-65,0
9533,3.04,-57,0
9534,3.81,-54,0
9535,4.68,-76,0
9536,3.84,-96,1
9537,4.47,-65,0
9538,4.58,-68,0
9539,3.06,-64,0
9540,4.78,-79,0
9541,3.49,-80,0
9542,3.84,-96,1
9543,4.82,-75,0
9544,3.42,-76,0
9545,3.81,-67,0
9546,4.97,-71,0
9547,3.33,-64,0
9548,2.58,-80,1
9549,4.88,-61,0
9550,4.5,-67,0
9551,4.66,-74,0
9552,4.49,-72,0
9553,3.13,-63,0
9554,3.99,-80,0
9555,3.13,-78,0
9556,4.07,-57,0
9557,4.52,-77,0
9558,3.64,-68,0
9559,3.6,-51,0
9560,4.6,-67,0
9561,3.64,-53,0
9562,4.09,-76,0
9563,4.59,-57,0
9564,4.97,-76,0
9565,3.26,-73,0
9566,3.36,-55,0
9567,3.25,-74,0
9568,4.01,-100,1
9569,4.72,-74,0
9570,3.56,-60,0
9571,3.75,-55,0
9572,4.17,-61,0
9573,3.16,-59,0
9574,4.43,-65,0
9575,4.61,-64,0
9576,4.25,-63,0
9577,3.69,-51,0
9578,4.81,-63,0
9579,3.56,-54,0
9580,4.29,-50,0
9581,4.59,-95,1
9582,4.76,-78,0
9583,4.09,-71,0
9584,3.77,-53,0
9585,4.46,-67,0
9586,4.27,-70,0
9587,3.42,-72,0
9588,4.01,-72,0
9589,3.43,-63,0
9590,3.89,-58,0
9591,4.43,-79,0
9592,4.32,-56,0
9593,3.0,-77,0
9594,4.81,-54,0
9595,4.41,-99,1
9596,3.92,-80,0
9597,4.52,-53,0
9598,3.97,-77,0
9599,3.86,-58,0
9600,3.77,-52,0
9601,4.15,-68,0
9602,4.4,-68,0
9603,4.01,-77,0
9604,4.73,-76,0
9605,4.02,-62,0
9606,4.11,-56,0
9607,3.46,-54,0
9608,3.97,-64,0
9609,4.82,-74,0
9610,4.67,-79,0
9611,4.31,-96,1
9612,3.05,-72,0
9613,4.68,-64,0
9614,4.38,-60,0
9615,3.49,-59,0
9616,4.51,-80,0
9617,4.07,-54,0
9618,3.29,-68,0
9619,4.62,-59,0
9620,3.52,-57,0
9621,4.38,-77,0
9622,4.51,-69,0
9623,3.95,-78,0
9624,3.71,-57,0
9625,3.57,-63,0
9626,3.67,-54,0
9627,3.04,-76,0
9628,4.7,-96,1
9629,3.32,-80,0
9630,3.99,-64,0
9631,3.78,-57,0
9632,4.14,-68,0
9633,4.86,-59,0
9634,3.15,-75,0
9635,4.21,-91,1
9636,4.27,-65,0
9637,4.86,-67,0
9638,4.04,-68,0
9639,3.0,-72,0
9640,4.82,-61,0
9641,3.14,-64,0
9642,4.78,-77,0
9643,4.99,-80,0
9644,5.0,-58,0
9645,3.06,-59,0
9646,3.88,-55,0
9647,4.14,-61,0
9648,3.56,-80,0
9649,3.15,-95,1
9650,3.69,-78,0
9651,4.93,-99,1
9652,4.54,-69,0
9653,4.2,-67,0
9654,3.42,-57,0
9655,3.62,-77,0
9656,4.41,-80,0
9657,4.07,-65,0
9658,4.95,-54,0
9659,3.14,-74,0
9660,4.83,-57,0
9661,4.97,-64,0
9662,3.0,-66,0
9663,4.96,-61,0
9664,3.07,-64,0
9665,4.51,-62,0
9666,3.68,-64,0
9667,4.63,-79,0
9668,0.08,-70,1
9669,3.02,-74,0
9670,4.03,-80,0
9671,4.3,-71,0
9672,3.78,-55,0
9673,3.37,-79,0
9674,3.97,-55,0
9675,3.56,-51,0
9676,3.96,-64,0
9677,3.08,-75,0
9678,4.51,-68,0
9679,4.82,-60,0
9680,3.39,-94,1
9681,4.55,-60,0
9682,4.61,-75,0
9683,3.99,-63,0
9684,4.82,-54,0
9685,3.39,-52,0
9686,4.55,-73,0
9687,3.2,-53,0
9688,4.71,-67,0
9689,3.06,-50,0
9690,3.82,-58,0
9691,3.53,-58,0
9692,4.43,-71,0
9693,4.94,-65,0
9694,4.51,-79,0
9695,3.95,-56,0
9696,3.71,-77,0
9697,4.11,-55,0
9698,3.54,-78,0
9699,3.68,-67,0
9700,2.16,-68,1
9701,4.98,-53,0
9702,4.07,-61,0
9703,4.16,-78,0
9704,3.26,-63,0
9705,3.32,-54,0
9706,4.95,-77,0
9707,4.77,-62,0
9708,3.06,-58,0
9709,3.59,-56,0
9710,1.42,-72,1
9711,4.19,-62,0
9712,3.58,-71,0
9713,3.33,-76,0
9714,3.24,-70,0
9715,4.14,-71,0
9716,4.84,-74,0
9717,4.97,-75,0
9718,3.39,-62,0
9719,4.36,-61,0
9720,4.33,-70,0
9721,3.81,-72,0
9722,3.09,-94,1
9723,4.68,-65,0
9724,4.8,-51,0
9725,3.67,-78,0
9726,3.81,-61,0
9727,3.37,-50,0
9728,4.38,-76,0
9729,4.5,-54,0
9730,3.71,-73,0
9731,4.72,-52,0
9732,4.34,-60,0
9733,3.42,-79,0
9734,3.65,-56,0
9735,4.31,-73,0
9736,3.01,-78,0
9737,4.24,-78,0
9738,3.73,-77,0
9739,4.23,-60,0
9740,4.49,-70,0
9741,2.07,-52,1
9742,4.0,-53,0
9743,4.84,-72,0
9744,3.08,-64,0
9745,2.38,-57,1
9746,3.86,-70,0
9747,4.05,-61,0
9748,3.47,-68,0
9749,3.61,-50,0
9750,4.58,-50,0
9751,3.01,-56,0
9752,3.59,-74,0
9753,4.75,-71,0
9754,4.86,-64,0
9755,3.34,-50,0
9756,1.33,-55,1
9757,4.18,-53,0
9758,3.01,-50,0
9759,3.12,-56,0
9760,4.77,-52,0
9761,3.83,-50,0
9762,3.85,-65,0
9763,4.41,-70,0
9764,4.67,-60,0
9765,3.52,-80,0
9766,3.34,-76,0
9767,4.75,-74,0
9768,3.98,-57,0
9769,3.24,-77,0
9770,4.32,-74,0
9771,3.67,-50,0
9772,4.54,-72,0
9773,3.58,-53,0
9774,4.45,-73,0
9775,4.29,-74,0
9776,3.47,-67,0
9777,4.6,-79,0
9778,3.67,-59,0
9779,3.05,-79,0
9780,4.56,-76,0
9781,4.72,-58,0
9782,3.52,-80,0
9783,4.08,-55,0
9784,4.44,-69,0
9785,4.27,-59,0
9786,4.13,-80,0
9787,4.93,-66,0
9788,3.17,-60,0
9789,2.62,-70,1
9790,4.92,-50,0
9791,4.54,-79,0
9792,4.73,-63,0
9793,3.84,-98,1
9794,3.09,-65,0
9795,4.43,-60,0
9796,3.53,-69,0
9797,3.59,-67,0
9798,4.95,-64,0
9799,3.87,-79,0
9800,2.27,-79,1
9801,4.23,-65,0
9802,3.18,-51,0
9803,2.56,-64,1
9804,4.32,-65,0
9805,3.31,-57,0
9806,3.59,-55,0
9807,3.74,-57,0
9808,3.65,-68,0
9809,4.19,-55,0
9810,4.83,-74,0
9811,3.44,-57,0
9812,4.28,-58,0
9813,4.85,-92,1
9814,3.44,-59,0
9815,3.91,-72,0
9816,3.52,-59,0
9817,3.38,-65,0
9818,4.9,-62,0
9819,4.76,-72,0
9820,4.76,-53,0
9821,3.24,-71,0
9822,4.26,-52,0
9823,4.19,-63,0
9824,4.79,-71,0
9825,0.31,-55,1
9826,4.24,-60,0
9827,2.62,-72,1
9828,4.62,-65,0
9829,4.63,-53,0
9830,3.45,-64,0
9831,4.93,-54,0
9832,3.32,-57,0
9833,3.45,-64,0
9834,3.57,-70,0
9835,4.1,-63,0
9836,3.89,-52,0
9837,4.75,-75,0
9838,4.71,-53,0
9839,3.02,-60,0
9840,3.37,-54,0
9841,3.04,-72,0
9842,4.5,-62,0
9843,4.38,-79,0
9844,4.76,-68,0
9845,3.8,-67,0
9846,4.33,-54,0
9847,4.91,-72,0
9848,3.51,-76,0
9849,4.27,-70,0
9850,4.29,-73,0
9851,1.98,-53,1
9852,4.69,-58,0
9853,3.64,-60,0
9854,3.2,-73,0
9855,3.65,-60,0
9856,3.71,-76,0
9857,5.0,-57,0
9858,4.17,-59,0
9859,4.0,-50,0
9860,1.12,-78,1
9861,3.32,-50,0
9862,4.12,-70,0
9863,3.37,-56,0
9864,0.07,-57,1
9865,3.3,-98,1
9866,3.78,-73,0
9867,4.73,-74,0
9868,4.94,-54,0
9869,3.41,-51,0
9870,3.7,-61,0
9871,4.95,-57,0
9872,4.7,-60,0
9873,4.81,-76,0
9874,3.61,-59,0
9875,0.4,-72,1
9876,4.48,-60,0
9877,4.57,-68,0
9878,3.02,-54,0
9879,3.35,-76,0
9880,4.41,-79,0
9881,3.56,-65,0
9882,4.35,-50,0
9883,4.07,-66,0
9884,2.91,-77,1
9885,3.34,-69,0
9886,3.15,-53,0
9887,4.86,-70,0
9888,4.93,-97,1
9889,4.7,-77,0
9890,4.22,-55,0
9891,3.89,-57,0
9892,3.52,-73,0
9893,3.35,-79,0
9894,3.69,-50,0
9895,4.48,-91,1
9896,4.41,-54,0
9897,4.27,-78,0
9898,4.7,-61,0
9899,4.05,-51,0
9900,3.89,-72,0
9901,4.28,-74,0
9902,3.88,-80,0
9903,3.0,-52,0
9904,3.06,-62,0
9905,2.97,-50,1
9906,4.29,-97,1
9907,4.89,-54,0
9908,4.71,-50,0
9909,3.71,-71,0
9910,4.99,-65,0
9911,4.27,-59,0
9912,3.16,-57,0
9913,4.99,-59,0
9914,3.58,-66,0
9915,4.04,-56,0
9916,0.76,-52,1
9917,3.37,-58,0
9918,3.9,-71,0
9919,3.27,-70,0
9920,4.08,-59,0
9921,4.22,-66,0
9922,3.04,-71,0
9923,2.78,-73,1
9924,3.29,-71,0
9925,4.21,-72,0
9926,3.55,-79,0
9927,3.39,-50,0
9928,4.3,-65,0
9929,3.69,-79,0
9930,4.03,-51,0
9931,4.91,-93,1
9932,2.44,-65,1
9933,3.25,-56,0
9934,4.0,-78,0
9935,4.84,-60,0
9936,3.26,-71,0
9937,2.91,-60,1
9938,4.88,-92,1
9939,4.07,-91,1
9940,1.82,-51,1
9941,3.89,-78,0
9942,3.33,-61,0
9943,4.86,-65,0
9944,3.03,-59,0
9945,4.54,-59,0
9946,3.56,-74,0
9947,1.36,-63,1
9948,3.09,-80,0
9949,4.2,-64,0
9950,1.06,-58,1
9951,4.36,-69,0
9952,3.39,-97,1
9953,3.82,-61,0
9954,3.32,-52,0
9955,4.32,-64,0
9956,3.96,-57,0
9957,4.34,-63,0
9958,4.72,-73,0
9959,4.2,-67,0
9960,4.81,-62,0
9961,3.44,-69,0
9962,4.88,-51,0
9963,0.08,-56,1
9964,4.68,-65,0
9965,4.2,-63,0
9966,4.73,-51,0
9967,3.05,-76,0
9968,4.75,-76,0
9969,3.64,-60,0
9970,3.21,-55,0
9971,4.91,-74,0
9972,3.65,-64,0
9973,3.11,-78,0
9974,3.85,-55,0
9975,3.87,-54,0
9976,4.21,-95,1
9977,3.89,-75,0
9978,4.59,-52,0
9979,4.05,-60,0
9980,3.04,-65,0
9981,3.72,-52,0
9982,4.36,-59,0
9983,3.62,-50,0
9984,3.61,-78,0
9985,3.12,-74,0
9986,3.98,-52,0
9987,3.04,-75,0
9988,3.88,-73,0
9989,2.73,-71,1
9990,3.48,-73,0
9991,4.42,-54,0
9992,4.84,-98,1
9993,4.59,-63,0
9994,4.0,-52,0
9995,3.62,-70,0
9996,3.5,-98,1
9997,4.73,-80,0
9998,4.22,-67,0
9999,4.18,-61,0
10000,4.01,-78,0
